sample_id,variable,class_label,probability,known_label,predicted_label,split
A-172,Erlotinib,,,0.0200026578656478,0.03326098620891571,train
SU.86.86,Erlotinib,,,0.0552695916589043,0.06311581283807755,train
KALS-1,Erlotinib,,,0.0361256866594273,0.0374935045838356,train
ES-2,Erlotinib,,,0.0207823472235324,0.023127339780330658,train
HEC-108,Erlotinib,,,,0.4098396897315979,train
NCO2,Erlotinib,,,0.105692436087806,0.05972329527139664,train
Raji,Erlotinib,,,0.0,0.07071384787559509,train
TOV-112D,Erlotinib,,,0.0845724147706257,0.0490773469209671,train
KYSE-180,Erlotinib,,,0.202348591328392,0.16886869072914124,train
SUP-HD1,Erlotinib,,,,0.03164329379796982,train
TT,Erlotinib,,,,0.04143455997109413,train
BJ1-hTERT,Erlotinib,,,,0.03697524219751358,train
NCI-H1341,Erlotinib,,,0.103012744278107,0.07870408892631531,train
SK-N-SH,Erlotinib,,,0.0330358225676597,0.03075631894171238,train
KP-N-RT-BM-1,Erlotinib,,,,0.021539272740483284,train
PCM6,Erlotinib,,,,0.05407293513417244,train
G-401,Erlotinib,,,0.0238411707730038,0.03365335613489151,train
786-O,Erlotinib,,,0.0173998808952982,0.0851047933101654,train
HGC-27,Erlotinib,,,0.019985540124347,0.02866634726524353,train
AN3-CA,Erlotinib,,,0.0336364536691071,0.0210620928555727,train
COLO 704,Erlotinib,,,,0.0269290991127491,train
EB2,Erlotinib,,,0.0512378600325254,0.08286077529191971,train
Panc 04.03,Erlotinib,,,0.111468825066676,0.10694395005702972,train
HT-1376,Erlotinib,,,0.11419338041038,0.15550944209098816,train
59M,Erlotinib,,,,0.023057451471686363,train
OVCAR-8,Erlotinib,,,,0.060228824615478516,train
A2058,Erlotinib,,,0.0203164321242007,0.04353303834795952,train
LC-1/sq-SF,Erlotinib,,,0.115469678393687,0.137575164437294,train
RD,Erlotinib,,,0.0021772616522563,0.031106092035770416,train
SNU-1041,Erlotinib,,,,0.20237517356872559,train
NCI-H1437,Erlotinib,,,,0.12164073437452316,train
B-CPAP,Erlotinib,,,0.0266103192388467,0.008647901937365532,train
COV318,Erlotinib,,,0.0,0.03853177651762962,train
OCI-Ly19,Erlotinib,,,,0.08764293789863586,train
CAMA-1,Erlotinib,,,0.0157565200587637,0.045258644968271255,train
BFTC-905,Erlotinib,,,,0.1847498118877411,train
NCI-H69,Erlotinib,,,,0.04281825199723244,train
Malme-3M,Erlotinib,,,0.032594228598315,0.034696683287620544,train
T-47D,Erlotinib,,,0.0661278856063201,0.0676826611161232,train
WM983B,Erlotinib,,,0.0124614675203545,0.0496537871658802,train
THP-1,Erlotinib,,,,0.0703764408826828,train
EBC-1,Erlotinib,,,0.0454726012161155,0.1271786242723465,train
DMS 114,Erlotinib,,,0.0,0.038032274693250656,train
NB1,Erlotinib,,,,0.029729293659329414,train
NCI-H1581,Erlotinib,,,0.0,0.042127277702093124,train
HCC1500,Erlotinib,,,,0.06986205279827118,train
CGTH-W-1,Erlotinib,,,,0.026629440486431122,train
HDLM-2,Erlotinib,,,,0.04227294772863388,train
AsPC-1,Erlotinib,,,0.0560623329164002,0.05467667803168297,train
SK-N-MC,Erlotinib,,,,0.015041893348097801,train
KP-4,Erlotinib,,,0.0227589220206098,0.06766808032989502,train
ACC-MESO-1,Erlotinib,,,,0.05530007183551788,train
SKM-1,Erlotinib,,,,0.07555514574050903,train
EM-2,Erlotinib,,,0.0606996145153811,0.07716771960258484,train
HCC1806,Erlotinib,,,0.202094054607404,0.15490150451660156,train
Fu97,Erlotinib,,,0.0544409555382595,0.049079377204179764,train
SNU-489,Erlotinib,,,,0.03105008229613304,train
SNU-620,Erlotinib,,,,0.08773534744977951,train
RPMI-8226,Erlotinib,,,,0.034844931215047836,train
JMSU-1,Erlotinib,,,0.110923506771192,0.05782780796289444,train
SK-N-DZ,Erlotinib,,,0.0023759306412319,0.015097756870090961,train
HT-29,Erlotinib,,,0.0008752056595092,0.0646066963672638,train
KYSE-30,Erlotinib,,,0.107401668997436,0.16610613465309143,train
OAW28,Erlotinib,,,,0.129089817404747,train
Calu-6,Erlotinib,,,0.0232435160923001,0.0352330356836319,train
NCI-H2291,Erlotinib,,,,0.16150236129760742,train
LP-1,Erlotinib,,,0.0,0.03233962133526802,train
Hs 606.T,Erlotinib,,,,0.03921341896057129,train
PaTu 8988t,Erlotinib,,,,0.04950566962361336,train
BL-41,Erlotinib,,,0.0095987380447434,0.07670839875936508,train
Mono-Mac-1,Erlotinib,,,0.127921804524056,0.09663118422031403,train
NCI-H2122,Erlotinib,,,0.0913124519134631,0.13156312704086304,train
VMRC-RCW,Erlotinib,,,0.009323782911607,0.07939760386943817,train
PaTu 8988s,Erlotinib,,,,0.08292844891548157,train
HL-60,Erlotinib,,,,0.08640829473733902,train
SNU-668,Erlotinib,,,,0.035927191376686096,train
SNU-C5,Erlotinib,,,,0.10070958733558655,train
DEL,Erlotinib,,,0.0377691989042137,0.021647587418556213,train
HCC1599,Erlotinib,,,,0.132809117436409,train
MJ,Erlotinib,,,0.0,0.052445411682128906,train
NCI-H2029,Erlotinib,,,,0.03432368487119675,train
HLE,Erlotinib,,,0.0274767936306091,0.05929230898618698,train
Hs 343.T,Erlotinib,,,,0.03961501643061638,train
Becker,Erlotinib,,,,0.05227089673280716,train
GOS-3,Erlotinib,,,,0.047861017286777496,train
KM-H2,Erlotinib,,,,0.04311409965157509,train
NCI-H460,Erlotinib,,,0.0156850277955704,0.0764310359954834,train
EN,Erlotinib,,,0.0081970826955626,0.3966931998729706,train
NB4,Erlotinib,,,,0.07048193365335464,train
DU145,Erlotinib,,,0.135598200817881,0.12570154666900635,train
NCI-H727,Erlotinib,,,0.0142250000000003,0.10293909162282944,train
NCI-H2106,Erlotinib,,,,0.0337221659719944,train
CADO-ES1,Erlotinib,,,,0.011157160624861717,train
COLO 678,Erlotinib,,,0.157057444982617,0.11167347431182861,train
RL95-2,Erlotinib,,,0.217167068821168,0.42026007175445557,train
EW-8,Erlotinib,,,,0.01321913581341505,train
M-07e,Erlotinib,,,,0.07115679234266281,train
JHH-4,Erlotinib,,,0.0546806254132545,0.10215825587511063,train
HEC-59,Erlotinib,,,0.0231255701168466,0.3592042326927185,train
P3HR-1,Erlotinib,,,0.0,0.07682403177022934,train
RERF-LC-MS,Erlotinib,,,0.0,0.07466645538806915,train
NCI-H1299,Erlotinib,,,0.0626858625403708,0.052363261580467224,train
IGR-1,Erlotinib,,,,0.04389583319425583,train
BT-549,Erlotinib,,,0.0195656376392978,0.042110033333301544,train
ACHN,Erlotinib,,,0.181831477887917,0.13566122949123383,train
LN-443,Erlotinib,,,,0.03621777892112732,train
EJM,Erlotinib,,,,0.04298727959394455,train
TE-6,Erlotinib,,,,0.17270682752132416,train
RERF-LC-Ad2,Erlotinib,,,,0.14104101061820984,train
EoL-1,Erlotinib,,,,0.08856254816055298,train
HPAC,Erlotinib,,,0.0644894115874022,0.13109168410301208,train
Ishikawa (Heraklio) 02 ER-,Erlotinib,,,0.218491325974419,0.14590303599834442,train
SNU-840,Erlotinib,,,,0.14484991133213043,train
DMS 79,Erlotinib,,,,0.0410790741443634,train
SNU-886,Erlotinib,,,,0.054999418556690216,train
Hs 600.T,Erlotinib,,,,0.04167467728257179,train
JHUEM-1,Erlotinib,,,,0.12528686225414276,train
NCI-H1648,Erlotinib,,,0.0904114667864765,0.16817481815814972,train
HCC15,Erlotinib,,,0.027726216792311,0.06958822906017303,train
MDA-PCa-2b,Erlotinib,,,,0.0832921639084816,train
HH [Human lymphoma],Erlotinib,,,0.0,0.048508089035749435,train
IPC-298,Erlotinib,,,0.0528985627972757,0.03302236646413803,train
SW900,Erlotinib,,,0.0325738478208323,0.1205468401312828,train
HCC78,Erlotinib,,,0.0077521003033489,0.13527101278305054,train
HD-MY-Z,Erlotinib,,,0.0841427877270507,0.03499358147382736,train
JHOS-2,Erlotinib,,,0.0096661428907013,0.13354139029979706,train
NCI-H1385,Erlotinib,,,,0.03951834887266159,train
TE-9,Erlotinib,,,0.0809057812802422,0.21672497689723969,train
BL-70,Erlotinib,,,0.0071939968305693,0.07169324904680252,train
A2780,Erlotinib,,,0.0182631271735792,0.015692725777626038,train
769-P,Erlotinib,,,0.25329984948657,0.14253555238246918,train
JVM-2,Erlotinib,,,,0.07721215486526489,train
Kasumi-1,Erlotinib,,,,0.0650576800107956,train
697,Erlotinib,,,0.109439352447289,0.0647972896695137,train
G-402,Erlotinib,,,0.0035938457120128,0.04216817766427994,train
HCC1588,Erlotinib,,,,0.05226617678999901,train
KLE,Erlotinib,,,0.0871332926716541,0.08081984519958496,train
Panc 02.13,Erlotinib,,,,0.12826992571353912,train
CAL-62,Erlotinib,,,,0.06831946969032288,train
NCI-H28,Erlotinib,,,0.269475623753143,0.13721908628940582,train
MV4-11,Erlotinib,,,,0.0914413183927536,train
GSU,Erlotinib,,,,0.09776853770017624,train
HuP-T4,Erlotinib,,,0.167535443444042,0.11020316928625107,train
LoVo,Erlotinib,,,,0.09622923284769058,train
NCI-H841,Erlotinib,,,,0.0716661810874939,train
WM1799,Erlotinib,,,0.0431675041314747,0.0479704923927784,train
PLC/PRF/5,Erlotinib,,,0.0886662101862819,0.08921302109956741,train
RMG-I,Erlotinib,,,,0.1327921599149704,train
CAL-78,Erlotinib,,,0.0301368569813702,0.036380596458911896,train
YKG-1,Erlotinib,,,0.0378246556038961,0.03965798020362854,train
UACC-62,Erlotinib,,,0.105319665408293,0.0552721731364727,train
JJN-3,Erlotinib,,,,0.04683573171496391,train
JHOM-1,Erlotinib,,,,0.06655454635620117,train
NCI-H1703,Erlotinib,,,0.0569925607990749,0.06854961067438126,train
SNU-8,Erlotinib,,,,0.12694303691387177,train
OCUM-1,Erlotinib,,,0.0,0.056107714772224426,train
COR-L311,Erlotinib,,,,0.017003867775201797,train
VM-CUB-1,Erlotinib,,,,0.16184891760349274,train
Hs 571.T,Erlotinib,,,,0.04105360433459282,train
KNS-81-FD,Erlotinib,,,0.0065135250637065,0.033792316913604736,train
HEL 92.1.7,Erlotinib,,,0.0177813221317003,0.07162037491798401,train
COLO 201,Erlotinib,,,0.0207212995375924,0.026648495346307755,train
HCC1937,Erlotinib,,,,0.15471838414669037,train
T3M-4,Erlotinib,,,,0.13655900955200195,train
HT-1197,Erlotinib,,,0.0581736015518673,0.12683014571666718,train
Hs 821.T,Erlotinib,,,,0.0410245805978775,train
A-673,Erlotinib,,,0.0132935443628987,0.012987440451979637,train
Panc 05.04,Erlotinib,,,,0.11694987118244171,train
TE-15,Erlotinib,,,0.237841669361768,0.221091628074646,train
HuG1-N,Erlotinib,,,,0.06955770403146744,train
SNU-16,Erlotinib,,,0.0470671048886958,0.06647975742816925,train
Namalwa,Erlotinib,,,,0.07586438953876495,train
HCC2935,Erlotinib,,,0.364494181716601,0.19872574508190155,train
NCI-H520,Erlotinib,,,0.0,0.05036809295415878,train
NU-DUL-1,Erlotinib,,,,0.08652090281248093,train
NUGC-4,Erlotinib,,,0.354495435721132,0.1456870287656784,train
143B,Erlotinib,,,,0.041376616805791855,train
HEC-50B,Erlotinib,,,,0.07870489358901978,train
NCI-H1568,Erlotinib,,,0.192524369049532,0.17248451709747314,train
TUHR4TKB,Erlotinib,,,,0.11602625250816345,train
DU4475,Erlotinib,,,,0.002063466003164649,train
NCI-H716,Erlotinib,,,,0.024608563631772995,train
Hs 936.T,Erlotinib,,,0.0146312556470704,0.04466104134917259,train
FTC-238,Erlotinib,,,,0.06749025732278824,train
NCI-H2171,Erlotinib,,,,0.034535910934209824,train
SNU-685,Erlotinib,,,,0.03438952565193176,train
LN-340,Erlotinib,,,,0.04722397029399872,train
TE 441.T,Erlotinib,,,,0.018746621906757355,train
COLO 818,Erlotinib,,,,0.037086982280015945,train
LAMA-84,Erlotinib,,,,0.0690656453371048,train
NALM-19,Erlotinib,,,,0.08255288749933243,train
HMEL,Erlotinib,,,,0.104584239423275,train
Hs 616.T,Erlotinib,,,,0.04036513343453407,train
SW1417,Erlotinib,,,0.0119077730879152,0.04257044941186905,train
PK-45H,Erlotinib,,,0.0409515063862812,0.0688261166214943,train
TALL-1 [Human adult T-ALL],Erlotinib,,,,0.06800857186317444,train
KU-19-19,Erlotinib,,,,0.15831127762794495,train
MOG-G-CCM,Erlotinib,,,0.0,0.032594796270132065,train
UM-RC-6,Erlotinib,,,,0.10751986503601074,train
MDA-MB-361,Erlotinib,,,,0.09751628339290619,train
NCI-H358,Erlotinib,,,0.188750461482114,0.14951983094215393,train
TGBC11TKB,Erlotinib,,,,0.1084146723151207,train
NCI-H1184,Erlotinib,,,0.0,0.026397915557026863,train
NCI-H1048,Erlotinib,,,0.031623024411141,0.07805626839399338,train
IMR-32,Erlotinib,,,0.0,0.0183334369212389,train
NALM-1,Erlotinib,,,,0.0879657194018364,train
SNU-738,Erlotinib,,,,0.05976904183626175,train
CAL-85-1,Erlotinib,,,0.285999109686882,0.17509707808494568,train
Granta-519,Erlotinib,,,0.0327026256903496,0.07592366635799408,train
HEY A8,Erlotinib,,,0.0154558399513439,0.029476262629032135,train
EFM-192A,Erlotinib,,,,0.0840393677353859,train
HuTu 80,Erlotinib,,,,0.053049616515636444,train
TCCSUP,Erlotinib,,,0.0053850991607237,0.030484920367598534,train
YMB-1,Erlotinib,,,,0.07064013928174973,train
LCLC-97TM1,Erlotinib,,,,0.12794990837574005,train
T3M-10,Erlotinib,,,0.0519343810386682,0.09907525032758713,train
NCI-H1693,Erlotinib,,,0.196446584599643,0.12223580479621887,train
OVCAR-4,Erlotinib,,,0.0890468689794294,0.12946109473705292,train
SK-HEP-1,Erlotinib,,,0.0225654593824648,0.04426572471857071,train
HSC-4,Erlotinib,,,,0.18813137710094452,train
SW780,Erlotinib,,,0.122386456001102,0.13006055355072021,train
A-498,Erlotinib,,,,0.09051476418972015,train
DV-90,Erlotinib,,,0.145650783489382,0.07817906141281128,train
GaMG,Erlotinib,,,0.0362778026582661,0.057928986847400665,train
Karpas-299,Erlotinib,,,0.0265723504029587,0.04247540980577469,train
NCI-H2052,Erlotinib,,,0.0832065598621997,0.03414902836084366,train
SW48,Erlotinib,,,0.34323533661392,0.14437375962734222,train
DK-MG,Erlotinib,,,0.0273288019534314,0.040067728608846664,train
MDA-MB-134-VI,Erlotinib,,,,0.025330467149615288,train
LS180,Erlotinib,,,,0.32739967107772827,train
NCI-H1930,Erlotinib,,,,0.048546817153692245,train
Hs 695T,Erlotinib,,,0.0027959688318722,0.030246194452047348,train
ML-1 [Human thyroid carcinoma],Erlotinib,,,,0.06562772393226624,train
LOX-IMVI,Erlotinib,,,0.0215505910373239,0.02027370035648346,train
OV7,Erlotinib,,,,0.04975805804133415,train
TT2609-C02,Erlotinib,,,0.0764294419818976,0.07211792469024658,train
KMS-27,Erlotinib,,,,0.04750116169452667,train
TYK-nu,Erlotinib,,,7.598553230877321e-15,0.02382870949804783,train
WM115,Erlotinib,,,0.0093040083597805,0.026466652750968933,train
HCC1171,Erlotinib,,,,0.1600876897573471,train
JHH-6,Erlotinib,,,0.0130652353313218,0.0574309378862381,train
MDA-MB-453,Erlotinib,,,0.0290113401400771,0.055524617433547974,train
MG-63,Erlotinib,,,0.0061146008053855,0.017452022060751915,train
NCI-H2227,Erlotinib,,,,0.024585852399468422,train
SNU-201,Erlotinib,,,,0.03710440546274185,train
SNU-449,Erlotinib,,,0.0585179792211455,0.09959889948368073,train
SF767,Erlotinib,,,,0.21527522802352905,train
MUTZ-5,Erlotinib,,,,0.09107233583927155,train
SNU-119,Erlotinib,,,,0.16924960911273956,train
NCI-H1694,Erlotinib,,,0.0,0.030401311814785004,train
SJSA-1,Erlotinib,,,0.0369315976788424,0.022477908059954643,train
Peer,Erlotinib,,,,0.06427246332168579,train
SNU-1105,Erlotinib,,,,0.03876441717147827,train
MES-SA,Erlotinib,,,0.0021052305869831,0.03245079144835472,train
G-292 clone A141B1,Erlotinib,,,,0.030056195333600044,train
253J-BV,Erlotinib,,,,0.11309370398521423,train
NCI-H2228,Erlotinib,,,0.111220297000768,0.10349414497613907,train
OE33,Erlotinib,,,0.0994217425891791,0.12177164852619171,train
NCI-H146,Erlotinib,,,,0.027052979916334152,train
SW403,Erlotinib,,,0.122852776007857,0.02648303471505642,train
HCC2108,Erlotinib,,,,0.04962306097149849,train
OUMS-27,Erlotinib,,,,0.031855788081884384,train
JHOS-4,Erlotinib,,,0.12377795580422,0.10584340244531631,train
Hs 706.T,Erlotinib,,,,0.030078362673521042,train
HCC202,Erlotinib,,,,0.10317409038543701,train
JVM-3,Erlotinib,,,0.112902060411961,0.0777154341340065,train
GCIY,Erlotinib,,,0.165499085189246,0.12351670861244202,train
YD-38,Erlotinib,,,,0.15309807658195496,train
MOLP-2,Erlotinib,,,,0.05917910858988762,train
Kasumi-2,Erlotinib,,,0.0514740270057927,0.08414040505886078,train
SNU-175,Erlotinib,,,,0.37132102251052856,train
Daoy,Erlotinib,,,0.033018722300065,0.05501154065132141,train
NUGC-2,Erlotinib,,,,0.16465699672698975,train
RERF-LC-A1,Erlotinib,,,0.039469144135859,0.06787019968032837,train
NCI-H1373,Erlotinib,,,0.0471664690357,0.09988392144441605,train
ChaGo-K-1,Erlotinib,,,,0.10864518582820892,train
Mel Ho,Erlotinib,,,0.0213248501074773,0.04101230204105377,train
NCI-H2030,Erlotinib,,,0.153550545307145,0.10438404977321625,train
Rh18,Erlotinib,,,,0.03708253055810928,train
SNU-182,Erlotinib,,,0.126462530716505,0.03928721323609352,train
EC-GI-10,Erlotinib,,,,0.199343740940094,train
SNU-46,Erlotinib,,,,0.09111858159303665,train
LUDLU-1,Erlotinib,,,0.214790275430073,0.21012434363365173,train
Kasumi-6,Erlotinib,,,,0.0917750895023346,train
U-343MGa,Erlotinib,,,,0.03556064888834953,train
Capan-2,Erlotinib,,,0.0555885170622082,0.08033057302236557,train
L-540,Erlotinib,,,,0.04423675686120987,train
SCC-4,Erlotinib,,,,0.15526488423347473,train
NH-6,Erlotinib,,,,0.029055681079626083,train
NCI-H1436,Erlotinib,,,,0.038551151752471924,train
PC-14,Erlotinib,,,0.540454830321444,0.20862403512001038,train
NCI-H747,Erlotinib,,,0.0854438275693443,0.0972435250878334,train
PC-3,Erlotinib,,,0.0519043608550188,0.10390904545783997,train
LN-18,Erlotinib,,,0.0657183372035689,0.043608833104372025,train
NCI-H82,Erlotinib,,,,0.01773378811776638,train
L-363,Erlotinib,,,0.0300418768691312,0.03581935912370682,train
SUP-M2,Erlotinib,,,0.0,0.028368117287755013,train
IGR-39,Erlotinib,,,0.0072505093170284,0.04097096249461174,train
TF-1,Erlotinib,,,,0.06278061866760254,train
LS411N,Erlotinib,,,0.0119201349143826,0.37821972370147705,train
Huh-7,Erlotinib,,,,0.0824531763792038,train
GSS,Erlotinib,,,,0.06148330494761467,train
UT-7,Erlotinib,,,,0.07821463793516159,train
K029AX,Erlotinib,,,0.0,0.041156329214572906,train
MHH-NB-11,Erlotinib,,,,0.01416893769055605,train
KNS-62,Erlotinib,,,0.0,0.1444740891456604,train
OCI-M1,Erlotinib,,,,0.06359155476093292,train
FU-OV-1,Erlotinib,,,0.116164486880648,0.09070456773042679,train
SK-BR-3,Erlotinib,,,0.0598540720517569,0.07107897102832794,train
OCI-Ly10,Erlotinib,,,0.0721484574952942,0.0634387880563736,train
KMRC-3,Erlotinib,,,,0.07475882768630981,train
NCI-H292,Erlotinib,,,,0.19219672679901123,train
HSC-2,Erlotinib,,,0.0718212186324384,0.15907445549964905,train
M059K,Erlotinib,,,,0.023479284718632698,train
8-MG-BA,Erlotinib,,,0.0742306712571944,0.019315272569656372,train
HEC-265,Erlotinib,,,0.0,0.1304100900888443,train
NCI-H3255,Erlotinib,,,0.561447874525511,0.28090494871139526,train
SNU-308,Erlotinib,,,,0.18844620883464813,train
DLD-1,Erlotinib,,,,0.10470159351825714,train
PSN1,Erlotinib,,,0.0351598954778951,0.031234033405780792,train
MOLM-6,Erlotinib,,,,0.08901700377464294,train
SW948,Erlotinib,,,,0.07573481649160385,train
MOLM-16,Erlotinib,,,,0.06436999142169952,train
MDA-MB-157,Erlotinib,,,0.0606864748104388,0.03998652100563049,train
TO 175.T,Erlotinib,,,,0.041449420154094696,train
CCF-STTG1,Erlotinib,,,,0.034238480031490326,train
AGS,Erlotinib,,,,0.10028612613677979,train
Hs 294T,Erlotinib,,,0.0316242507584862,0.03482991084456444,train
CAL-54,Erlotinib,,,,0.1790505349636078,train
SLR25,Erlotinib,,,,0.057685159146785736,train
KP-N-YN,Erlotinib,,,,0.020454339683055878,train
ONS-76,Erlotinib,,,0.0214716122271844,0.07489013671875,train
KMBC-2,Erlotinib,,,0.0160264888319069,0.18612438440322876,train
NCI-H1781,Erlotinib,,,,0.16358189284801483,train
P31/FUJ,Erlotinib,,,0.010075471775247,0.09181506931781769,train
SUP-T1,Erlotinib,,,0.0,0.05314689502120018,train
CAS-1,Erlotinib,,,0.004626415726796,0.02997116558253765,train
HuNS1,Erlotinib,,,,0.0671355277299881,train
OC 315,Erlotinib,,,0.052315315474671,0.09802437573671341,train
RERF-LC-KJ,Erlotinib,,,,0.1605260670185089,train
MKN1,Erlotinib,,,,0.0830821543931961,train
SCC-25,Erlotinib,,,,0.12446700781583786,train
MHH-ES-1,Erlotinib,,,0.0877176325400873,0.018356021493673325,train
OC 314,Erlotinib,,,0.0414152166324963,0.09516797214746475,train
BICR 31,Erlotinib,,,,0.16778579354286194,train
NCI-H1793,Erlotinib,,,0.142220559643126,0.11666400730609894,train
COR-L23,Erlotinib,,,0.0096508432450326,0.07708710432052612,train
HOS,Erlotinib,,,0.0,0.03269166871905327,train
NCI-H2286,Erlotinib,,,0.0950558401951842,0.06360959261655807,train
LMSU,Erlotinib,,,,0.026834115386009216,train
NCI-H854,Erlotinib,,,,0.03698504716157913,train
SU-DHL-6,Erlotinib,,,0.0,0.0794854685664177,train
KMS-21-BM,Erlotinib,,,,0.04503931105136871,train
Hs 675.T,Erlotinib,,,,0.03179892152547836,train
KMS-28BM,Erlotinib,,,,0.032419830560684204,train
HuH-6 Clone 5,Erlotinib,,,,0.09748868644237518,train
HCC1897,Erlotinib,,,,0.12162625789642334,train
UM-UC-1,Erlotinib,,,,0.15255405008792877,train
Hs 698.T,Erlotinib,,,,0.041933394968509674,train
SNU-407,Erlotinib,,,,0.08869144320487976,train
NCI-H2081,Erlotinib,,,,0.04234572872519493,train
FTC-133,Erlotinib,,,,0.060527652502059937,train
MOLT-16,Erlotinib,,,0.0455364466552918,0.08630647510290146,train
BEN,Erlotinib,,,,0.050583042204380035,train
PK-1,Erlotinib,,,0.0948814036326748,0.15518857538700104,train
Hs 611.T,Erlotinib,,,,0.08580964803695679,train
HT-144,Erlotinib,,,0.0572195858802345,0.03338812291622162,train
ZR-75-1,Erlotinib,,,0.113728781027,0.07639739662408829,train
LNCaP clone FGC,Erlotinib,,,,0.06284590810537338,train
HEC-151,Erlotinib,,,0.243795907921615,0.12011992186307907,train
G-361,Erlotinib,,,0.078325331356097,0.06856925785541534,train
VMRC-RCZ,Erlotinib,,,0.0380711745358432,0.1221713274717331,train
KCI-MOH1,Erlotinib,,,0.163729617773422,0.11116032302379608,train
NCI-H2110,Erlotinib,,,,0.17028623819351196,train
Panc 02.03,Erlotinib,,,0.126721659151957,0.11303681135177612,train
NCI-H1573,Erlotinib,,,0.154964829446517,0.14912311732769012,train
NCI-H2066,Erlotinib,,,,0.04642735794186592,train
T1-73,Erlotinib,,,,0.03867929428815842,train
EHEB,Erlotinib,,,,0.07699190825223923,train
IGROV-1,Erlotinib,,,0.1451892846298,0.10814163833856583,train
COV504,Erlotinib,,,0.0711984611306931,0.04161509871482849,train
JHH-1,Erlotinib,,,,0.12880408763885498,train
SNU-213,Erlotinib,,,,0.13493990898132324,train
UOK101,Erlotinib,,,,0.0983029156923294,train
U-178MG,Erlotinib,,,,0.03180151432752609,train
RERF-LC-Ad1,Erlotinib,,,,0.16403837502002716,train
A101D,Erlotinib,,,,0.04505410045385361,train
SK-MM-2,Erlotinib,,,0.174156172063407,0.040278349071741104,train
VMRC-LCP,Erlotinib,,,,0.1794976145029068,train
Calu-3,Erlotinib,,,0.139699599142118,0.13027118146419525,train
Hs 737.T,Erlotinib,,,,0.04178188741207123,train
MCAS,Erlotinib,,,0.028530477754127,0.07983740419149399,train
ALL-SIL,Erlotinib,,,0.0796000295460968,0.07313652336597443,train
MOLT-13,Erlotinib,,,,0.08064085245132446,train
JHH-7,Erlotinib,,,0.064003193556415,0.05955546721816063,train
NCI-H2452,Erlotinib,,,0.0782546305703664,0.04421314597129822,train
SNU-C4,Erlotinib,,,,0.06730035692453384,train
SaOS-2,Erlotinib,,,0.0053370879909102,0.038925088942050934,train
RVH-421,Erlotinib,,,0.0070321023866841,0.04284216836094856,train
KYSE-140,Erlotinib,,,0.290069558925785,0.20036911964416504,train
CPC-N,Erlotinib,,,,0.017550362274050713,train
HCT 116,Erlotinib,,,0.0291910516115331,0.09959538280963898,train
GP2d,Erlotinib,,,,0.37468796968460083,train
TE-8,Erlotinib,,,,0.12187214195728302,train
ME-1 [Human leukemia],Erlotinib,,,,0.09156614542007446,train
SW1088,Erlotinib,,,0.0501817048387286,0.03368082642555237,train
NCI-H1155,Erlotinib,,,0.0644206799838463,0.030947089195251465,train
SK-CO-1,Erlotinib,,,0.135089516259724,0.1015549898147583,train
EB1,Erlotinib,,,0.0057546626057488,0.08627035468816757,train
HEC-1-A,Erlotinib,,,0.0027045288218543,0.13195042312145233,train
SU-DHL-5,Erlotinib,,,,0.07234755903482437,train
NCI-H1650,Erlotinib,,,0.220793735361946,0.18074773252010345,train
COLO 792,Erlotinib,,,,0.051146671175956726,train
KO52,Erlotinib,,,0.0654167281139243,0.0938856452703476,train
SW1710,Erlotinib,,,,0.12756729125976562,train
QGP-1,Erlotinib,,,0.0604716766752486,0.07360167801380157,train
HCC1187,Erlotinib,,,0.0466619416920787,0.07252348959445953,train
JURL-MK1,Erlotinib,,,,0.04487088322639465,train
COR-L24,Erlotinib,,,,0.032261770218610764,train
SK-MEL-3,Erlotinib,,,,0.037904903292655945,train
CAL-120,Erlotinib,,,,0.09465163201093674,train
MEG-01,Erlotinib,,,0.0118702428342499,0.04864128679037094,train
KPL-1,Erlotinib,,,,0.10258149355649948,train
YD-15,Erlotinib,,,,0.16277649998664856,train
NCI-H1339,Erlotinib,,,0.0038380460953742,0.042297616600990295,train
OAW42,Erlotinib,,,,0.09746883809566498,train
SNU-398,Erlotinib,,,0.0,0.047193750739097595,train
SK-MEL-28,Erlotinib,,,,0.036697354167699814,train
CAL-27,Erlotinib,,,0.331155066635375,0.17577089369297028,train
Caov-3,Erlotinib,,,,0.12895390391349792,train
GCT,Erlotinib,,,0.0297500574669204,0.02236757054924965,train
PL45,Erlotinib,,,0.0629719252063515,0.09837868064641953,train
RERF-GC-1B,Erlotinib,,,0.0858973257371469,0.1237809807062149,train
SK-ES-1,Erlotinib,,,0.0683218629110332,0.017246482893824577,train
SNU-C2A,Erlotinib,,,0.0947523608802268,0.1333943009376526,train
WM88,Erlotinib,,,0.0046589396475744,0.048660747706890106,train
LS1034,Erlotinib,,,,0.02363051101565361,train
KMS-12-BM,Erlotinib,,,0.0,0.048667676746845245,train
SNU-899,Erlotinib,,,,0.1428665965795517,train
PE/CA-PJ15,Erlotinib,,,,0.17944253981113434,train
KYO-1,Erlotinib,,,,0.04073605686426163,train
SET-2,Erlotinib,,,,0.07075013965368271,train
SK-MEL-30,Erlotinib,,,0.0053500624689049,0.04556853324174881,train
KM12,Erlotinib,,,,0.11646013706922531,train
NCI-H2009,Erlotinib,,,0.0812374464357929,0.1624707579612732,train
HMCB,Erlotinib,,,0.117314520850036,0.06147812306880951,train
Hs 895.T,Erlotinib,,,0.0401884287247958,0.030237480998039246,train
LN-229,Erlotinib,,,0.0868919321501221,0.05237632617354393,train
MDA-MB-468,Erlotinib,,,0.218491474374488,0.14432932436466217,train
RCH-ACV,Erlotinib,,,,0.06654457747936249,train
PE/CA-PJ34 (clone C12),Erlotinib,,,,0.21122318506240845,train
COLO 800,Erlotinib,,,,0.037668317556381226,train
JeKo-1,Erlotinib,,,,0.0822477638721466,train
KP-3,Erlotinib,,,0.0353438466747756,0.07626072317361832,train
COLO 320,Erlotinib,,,0.0656630100878447,0.02711639553308487,train
UACC-812,Erlotinib,,,0.0508647075977552,0.035519637167453766,train
HT,Erlotinib,,,0.0,0.06886180490255356,train
Hep-G2/C3A,Erlotinib,,,0.0202058023583914,0.04817607253789902,train
EFM-19,Erlotinib,,,0.0049819041613393,0.03263712301850319,train
HuT 78,Erlotinib,,,0.0,0.06363905221223831,train
MOTN-1,Erlotinib,,,,0.08138525485992432,train
NCI-H526,Erlotinib,,,,0.01482628658413887,train
RT-112,Erlotinib,,,0.0563652566288176,0.15445317327976227,train
SALE,Erlotinib,,,,0.11993170529603958,train
SNU-520,Erlotinib,,,,0.06499264389276505,train
GB-1,Erlotinib,,,0.0524058757243449,0.061490390449762344,train
NUGC-3,Erlotinib,,,0.236166481231863,0.11228393018245697,train
MFE-280,Erlotinib,,,0.122081595813216,0.08324131369590759,train
BHY,Erlotinib,,,,0.16056004166603088,train
SUP-T11,Erlotinib,,,,0.05593496933579445,train
SNG-M,Erlotinib,,,0.0745293031988896,0.10810714960098267,train
SF126,Erlotinib,,,0.0028855475138971,0.020899727940559387,train
Hs 870.T,Erlotinib,,,,0.032559607177972794,train
T98G,Erlotinib,,,0.0234528653048481,0.027004418894648552,train
NCI-H1755,Erlotinib,,,,0.05854557082056999,train
TC-32,Erlotinib,,,,0.009606722742319107,train
DFCI024,Erlotinib,,,,0.08387550711631775,train
LOU-NH91,Erlotinib,,,0.146030125411316,0.08162523061037064,train
PE/CA-PJ41 (clone D2),Erlotinib,,,,0.17211848497390747,train
SW1353,Erlotinib,,,0.0042658209862159,0.029623081907629967,train
PK-59,Erlotinib,,,0.0396791309079114,0.06703519076108932,train
NCI-H838,Erlotinib,,,,0.06458448618650436,train
SNU-601,Erlotinib,,,,0.0887739360332489,train
NCI-H196,Erlotinib,,,,0.03305501490831375,train
ONCO-DG-1,Erlotinib,,,0.142880133312072,0.14139066636562347,train
TE-10,Erlotinib,,,,0.1765587031841278,train
Karpas-422,Erlotinib,,,0.0,0.07353993505239487,train
KYSE-520,Erlotinib,,,0.185508738558247,0.15668517351150513,train
NCI-H510A,Erlotinib,,,,0.057158757001161575,train
COLO 829,Erlotinib,,,,0.052679553627967834,train
HCC364,Erlotinib,,,,0.10000769048929214,train
IM95,Erlotinib,,,,0.0934240072965622,train
Lu-65,Erlotinib,,,,0.04440590739250183,train
L-1236,Erlotinib,,,,0.034388210624456406,train
COLO 783,Erlotinib,,,,0.038956161588430405,train
SNU-423,Erlotinib,,,0.0353444847840811,0.043728768825531006,train
BICR 18,Erlotinib,,,,0.17793957889080048,train
NCI-H1963,Erlotinib,,,,0.029799867421388626,train
HuT 102,Erlotinib,,,,0.06598541885614395,train
COLO 205,Erlotinib,,,0.0524329965851902,0.02958768978714943,train
Caov-4,Erlotinib,,,,0.11486834287643433,train
HEK TE,Erlotinib,,,,0.0496964231133461,train
SW1990,Erlotinib,,,0.0523590286694586,0.06879395991563797,train
KE-39,Erlotinib,,,0.175092672742207,0.08466645330190659,train
SW1783,Erlotinib,,,,0.033105503767728806,train
SU-DHL-10,Erlotinib,,,0.0,0.08605898171663284,train
SW480,Erlotinib,,,0.020401477901209,0.04805140197277069,train
HCC1359,Erlotinib,,,,0.0345483273267746,train
LN-464,Erlotinib,,,,0.03542556241154671,train
IST-Mes1,Erlotinib,,,0.0301124999999999,0.028035912662744522,train
8305C,Erlotinib,,,0.0298521375705681,0.04053828865289688,train
Hs 839.T,Erlotinib,,,,0.03971254080533981,train
Hs 822.T,Erlotinib,,,,0.041955165565013885,train
Reh,Erlotinib,,,0.0072748198316787,0.06639495491981506,train
TCC-PAN2,Erlotinib,,,,0.025537170469760895,train
LCLC-103H,Erlotinib,,,0.0185216437044789,0.0750679224729538,train
MOLT-4,Erlotinib,,,,0.061910875141620636,train
T24,Erlotinib,,,0.0768022402098758,0.07310628890991211,train
KP-2,Erlotinib,,,0.0396461943962427,0.12095415592193604,train
SK-RC-20,Erlotinib,,,,0.0430949404835701,train
Hs 742.T,Erlotinib,,,,0.03636357560753822,train
Hs 746.T,Erlotinib,,,0.0282985266311347,0.05024787411093712,train
NCI-H2444,Erlotinib,,,0.0568650212005285,0.09425542503595352,train
RS-5,Erlotinib,,,,0.04042430594563484,train
SW1116,Erlotinib,,,,0.05477411299943924,train
SNU-1040,Erlotinib,,,,0.4211962819099426,train
EPLC-272H,Erlotinib,,,,0.14571219682693481,train
IOMM-Lee,Erlotinib,,,,0.03614790737628937,train
KE-97,Erlotinib,,,0.089743233031866,0.06592125445604324,train
RMUG-S,Erlotinib,,,,0.1504606008529663,train
HCC1954,Erlotinib,,,0.10922294838185,0.15112128853797913,train
Hs 578T,Erlotinib,,,0.0132344841789967,0.03706149011850357,train
647V,Erlotinib,,,,0.15529663860797882,train
DB,Erlotinib,,,,0.06532002985477448,train
IST-Mes2,Erlotinib,,,0.0253521215403125,0.040918514132499695,train
NCI-H2196,Erlotinib,,,,0.04380296915769577,train
KHM-1B,Erlotinib,,,0.049218625041717,0.04310939088463783,train
Hs 852.T,Erlotinib,,,0.0606494731196107,0.03307369351387024,train
SK-RC-31,Erlotinib,,,,0.07991459965705872,train
UACC-893,Erlotinib,,,,0.10636270046234131,train
639V,Erlotinib,,,,0.04705357924103737,train
A-204,Erlotinib,,,0.0132449010203385,0.0264421459287405,train
CHP-212,Erlotinib,,,0.0168024579872777,0.039363421499729156,train
DMS 153,Erlotinib,,,,0.039181046187877655,train
SK-N-FI,Erlotinib,,,0.0,0.013492617756128311,train
KYSE-510,Erlotinib,,,0.0072697969032743,0.14407597482204437,train
MKN7,Erlotinib,,,0.0105335504075689,0.11334417015314102,train
OE19,Erlotinib,,,,0.07140922546386719,train
SK-MEL-1,Erlotinib,,,,0.035820141434669495,train
HCC1428,Erlotinib,,,,0.07032177597284317,train
NCI-H929,Erlotinib,,,,0.04297143220901489,train
RL,Erlotinib,,,,0.07741235196590424,train
T84,Erlotinib,,,0.0637663383324368,0.08119534701108932,train
SW579,Erlotinib,,,0.0168461112871541,0.033099301159381866,train
Mono-Mac-6,Erlotinib,,,,0.07926711440086365,train
NCI-H1563,Erlotinib,,,0.0216638206811162,0.07717645913362503,train
PF-382,Erlotinib,,,,0.06861301511526108,train
SNU-466,Erlotinib,,,,0.03132066875696182,train
HLF-a,Erlotinib,,,,0.033458344638347626,train
MIA PaCa-2,Erlotinib,,,0.0151349256793501,0.051290594041347504,train
KMS-20,Erlotinib,,,,0.04035237431526184,train
5637,Erlotinib,,,0.202139462625986,0.12972013652324677,train
PANC-1,Erlotinib,,,,0.05804930627346039,train
8505C,Erlotinib,,,0.0308762725344076,0.06614495068788528,train
PL-21,Erlotinib,,,,0.09937909990549088,train
HSC-3,Erlotinib,,,,0.13045169413089752,train
TE-1,Erlotinib,,,0.0982104210622835,0.15359234809875488,train
Hs 618.T,Erlotinib,,,,0.03366610407829285,train
Hs 281.T,Erlotinib,,,,0.0373036190867424,train
SK-MES-1,Erlotinib,,,0.272357387064309,0.11247892677783966,train
ZR-75-30,Erlotinib,,,0.0,0.052618358284235,train
JIMT-1,Erlotinib,,,,0.13819146156311035,train
NCI-H2023,Erlotinib,,,0.0196922070680006,0.10827717185020447,train
SK-LU-1,Erlotinib,,,0.0401425137728223,0.018780197948217392,train
TIG-3 TD,Erlotinib,,,,0.035327158868312836,train
IA-LM,Erlotinib,,,0.0282183600503712,0.04934943467378616,train
Caki-2,Erlotinib,,,0.125034952948368,0.13784842193126678,train
JHUEM-2,Erlotinib,,,0.0258694737726735,0.061049506068229675,train
SNU-81,Erlotinib,,,,0.4206894338130951,train
SU-DHL-4,Erlotinib,,,0.0581571366210038,0.08828356862068176,train
BCP-1,Erlotinib,,,,0.03135811164975166,train
SNU-1197,Erlotinib,,,,0.08535619080066681,train
BICR 22,Erlotinib,,,,0.17657849192619324,train
DMS 454,Erlotinib,,,,0.04419549182057381,train
KS-1 [Human glioblastoma],Erlotinib,,,,0.030589988455176353,train
SNU-1077,Erlotinib,,,,0.09746551513671875,train
Hs 688(A).T,Erlotinib,,,,0.04242567718029022,train
Hep-G2,Erlotinib,,,0.028461952671853,0.04980643466114998,train
HCC1833,Erlotinib,,,,0.05375996604561806,train
COLO 668,Erlotinib,,,,0.025047436356544495,train
MEC-1,Erlotinib,,,0.0084801269519308,0.07915832102298737,train
SNU-1076,Erlotinib,,,,0.14002777636051178,train
HCC827,Erlotinib,,,0.577869216226715,0.24943727254867554,train
L3.3,Erlotinib,,,0.128358214225068,0.1459084153175354,train
OUMS-23,Erlotinib,,,,0.08841099590063095,train
LN-319,Erlotinib,,,,0.07340787351131439,train
COLO 680N,Erlotinib,,,,0.17332719266414642,train
NOMO-1,Erlotinib,,,,0.08788185566663742,train
H4,Erlotinib,,,0.0303917922741951,0.04066555202007294,train
DND-41,Erlotinib,,,,0.07565835118293762,train
PrEC LH,Erlotinib,,,,0.09447354078292847,train
TE 159.T,Erlotinib,,,,0.04114728048443794,train
UM-UC-3,Erlotinib,,,0.0,0.040248893201351166,train
SF295,Erlotinib,,,0.0548661332673498,0.043085627257823944,train
CMK-11-5,Erlotinib,,,,0.0733056515455246,train
ABC-1,Erlotinib,,,,0.1532438099384308,train
CFPAC-1,Erlotinib,,,,0.08234962821006775,train
KOPN-8,Erlotinib,,,,0.10199858248233795,train
NCI-H596,Erlotinib,,,,0.14889103174209595,train
U-937,Erlotinib,,,0.0519285040835947,0.0850943773984909,train
LN-428,Erlotinib,,,,0.03705444931983948,train
SNU-1214,Erlotinib,,,,0.2070186585187912,train
NCI-H1838,Erlotinib,,,,0.1629685014486313,train
SHP-77,Erlotinib,,,0.0,0.014260713011026382,train
OVMANA,Erlotinib,,,0.0221955939297399,0.08113551884889603,train
MPP 89,Erlotinib,,,0.0190493875298152,0.025028415024280548,train
COV362,Erlotinib,,,,0.05894835665822029,train
OVK18,Erlotinib,,,,0.04719891771674156,train
ECC12,Erlotinib,,,,0.018011590465903282,train
BxPC-3,Erlotinib,,,0.11221767317599,0.12203910946846008,train
Hs 729.T,Erlotinib,,,0.0124696952980024,0.0303120668977499,train
Panc 03.27,Erlotinib,,,0.0627539316471438,0.09935308992862701,train
NCI-H1623,Erlotinib,,,,0.150510773062706,train
SNU-1196,Erlotinib,,,,0.09730726480484009,train
RCC4,Erlotinib,,,,0.1175549328327179,train
HT-55,Erlotinib,,,,0.056226007640361786,train
CAL-51,Erlotinib,,,,0.09284225106239319,train
NCI-H508,Erlotinib,,,,0.05606859549880028,train
Hs 751.T,Erlotinib,,,,0.037236835807561874,train
DMS 273,Erlotinib,,,,0.044445086270570755,train
MOLM-13,Erlotinib,,,,0.09137371182441711,train
RKO,Erlotinib,,,0.0046315843924956,0.037808578461408615,train
BT-483,Erlotinib,,,,0.06891018897294998,train
MHH-CALL-3,Erlotinib,,,,0.0887819305062294,train
42-MG-BA,Erlotinib,,,0.0910999117227594,0.02919556200504303,train
OCI-AML-2,Erlotinib,,,0.0296574900079058,0.0974079892039299,train
J82,Erlotinib,,,0.0431609284809773,0.045744989067316055,train
KMS-11,Erlotinib,,,0.0,0.023292578756809235,train
L-428,Erlotinib,,,0.0127463840076556,0.03332529589533806,train
NALM-6,Erlotinib,,,,0.07372981309890747,train
MeWo,Erlotinib,,,0.0,0.05336443707346916,train
RCM-1 [Human rectum adenocarcinoma],Erlotinib,,,,0.03526134416460991,train
MKN45,Erlotinib,,,0.027027568716618,0.12383145093917847,train
AU565,Erlotinib,,,0.0466214596035104,0.08226477354764938,train
Hs 766T,Erlotinib,,,0.0991126936068783,0.049100566655397415,train
Calu-1,Erlotinib,,,0.0088052462003865,0.04966451972723007,train
NCI-H2087,Erlotinib,,,0.0773694104553063,0.13853776454925537,train
NCI-H2342,Erlotinib,,,,0.15541508793830872,train
Hs 683,Erlotinib,,,0.0118898423501595,0.03248032182455063,train
KMRC-2,Erlotinib,,,0.0557129797932296,0.08171237260103226,train
SW1573,Erlotinib,,,0.0707136922847403,0.05201312527060509,train
HPAF-II,Erlotinib,,,0.0623307309772142,0.06552490592002869,train
OCI-AML-3,Erlotinib,,,,0.08470029383897781,train
HCC1195,Erlotinib,,,,0.12349309027194977,train
BDCM,Erlotinib,,,0.0132267808987782,0.07113561034202576,train
Capan-1,Erlotinib,,,,0.08457683771848679,train
A-253,Erlotinib,,,0.111939413475256,0.20146964490413666,train
HCC1395,Erlotinib,,,0.042956770513969,0.08043713122606277,train
NCI-N87,Erlotinib,,,0.0916116474473374,0.12804892659187317,train
Jurkat E6.1,Erlotinib,,,0.0802025941135735,0.053473636507987976,train
NCI-H1792,Erlotinib,,,0.0354342546126242,0.06312737613916397,train
KMRC-1,Erlotinib,,,0.149200648806191,0.060162805020809174,train
Hs 255.T,Erlotinib,,,,0.037106335163116455,train
Pfeiffer,Erlotinib,,,0.128442704007119,0.056553252041339874,train
KYSE-150,Erlotinib,,,0.0819979299467457,0.12389057874679565,train
AMO1,Erlotinib,,,0.0405618113899816,0.052287034690380096,train
HLC-1,Erlotinib,,,,0.11761453002691269,train
NCI-H2347,Erlotinib,,,,0.15017589926719666,train
JHUEM-3,Erlotinib,,,,0.1390451192855835,train
D341 Med,Erlotinib,,,,0.015315511263906956,train
NCI-H2126,Erlotinib,,,,0.1810939908027649,train
OVKATE,Erlotinib,,,,0.15693797171115875,train
VCaP,Erlotinib,,,,0.06254911422729492,train
HuH-28,Erlotinib,,,,0.037598997354507446,train
COR-L88,Erlotinib,,,,0.040381986647844315,train
SF172,Erlotinib,,,,0.1265905201435089,train
DMS 53,Erlotinib,,,,0.06265518814325333,train
Hs 940.T,Erlotinib,,,,0.04081012308597565,train
SH-10-TC,Erlotinib,,,0.0300115489665035,0.03438514471054077,train
TUHR10TKB,Erlotinib,,,,0.09393109381198883,train
CAL-12T,Erlotinib,,,0.282588685784174,0.15954433381557465,train
HuCC-T1,Erlotinib,,,0.0758539329680988,0.11991582810878754,train
RPMI-8402,Erlotinib,,,0.0186080498394879,0.059034883975982666,train
NCI-H2141,Erlotinib,,,,0.04773440212011337,train
HEC-6,Erlotinib,,,0.0,0.10170365124940872,train
JHH-5,Erlotinib,,,0.22465609505044,0.11056087166070938,train
KMS-18,Erlotinib,,,,0.07196836173534393,train
NCI-H1975,Erlotinib,,,0.0464013068654505,0.15400807559490204,train
SNU-410,Erlotinib,,,,0.03487430512905121,train
COLO 849,Erlotinib,,,,0.05612418055534363,train
SW837,Erlotinib,,,,0.10174284130334854,train
Toledo,Erlotinib,,,0.0,0.07410088926553726,train
NCI-H446,Erlotinib,,,,0.019335193559527397,train
SK-OV-3,Erlotinib,,,0.0792475338990637,0.10688745975494385,train
CML-T1,Erlotinib,,,,0.0745544508099556,train
KG-1-C,Erlotinib,,,,0.03508254885673523,train
SEM,Erlotinib,,,,0.06934719532728195,train
Kelly,Erlotinib,,,0.0,0.020122524350881577,train
T.T,Erlotinib,,,,0.19280435144901276,train
KATO III,Erlotinib,,,,0.10034120827913284,train
HCC33,Erlotinib,,,,0.027813728898763657,train
NCI-H1944,Erlotinib,,,0.105103912944344,0.11615489423274994,train
MDA-MB-415,Erlotinib,,,0.0159285291185951,0.06923718750476837,train
JL-1,Erlotinib,,,,0.03467308729887009,train
Li-7,Erlotinib,,,,0.09684278070926666,train
KYSE-410,Erlotinib,,,0.0661153584914752,0.12470516562461853,train
COLO 741,Erlotinib,,,0.105133052270533,0.04489097744226456,train
SNU-C1,Erlotinib,,,,0.039970528334379196,train
HEC-1-B,Erlotinib,,,0.067324354538357,0.10584847629070282,train
F5,Erlotinib,,,,0.02043263614177704,train
SW620,Erlotinib,,,0.0032287547729638,0.02595597878098488,train
S-117,Erlotinib,,,,0.04741291701793671,train
HCC95,Erlotinib,,,,0.17418403923511505,train
CCK-81,Erlotinib,,,0.207388862765003,0.042621515691280365,train
COV644,Erlotinib,,,,0.13498759269714355,train
Hs 840.T,Erlotinib,,,0.0148024543136501,0.03540760651230812,train
NCI-H1618,Erlotinib,,,,0.04365323483943939,train
Panc 08.13,Erlotinib,,,,0.09136364609003067,train
U2OS,Erlotinib,,,0.0449365561233068,0.06181579828262329,train
CMK,Erlotinib,,,,0.08511944115161896,train
SNU-1,Erlotinib,,,0.0857185734417132,0.03228047862648964,train
TEN,Erlotinib,,,0.0,0.07438484579324722,train
A-704,Erlotinib,,,,0.08436692506074905,train
NCI-H524,Erlotinib,,,,0.02418883889913559,train
TE-5,Erlotinib,,,0.026737511299685,0.12543079257011414,train
MHH-CALL-2,Erlotinib,,,,0.08399619162082672,train
COLO 684,Erlotinib,,,,0.024579310789704323,train
A4/Fukuda,Erlotinib,,,,0.03558545559644699,train
U-87MG ATCC,Erlotinib,,,0.0,0.024339750409126282,train
LN-235,Erlotinib,,,,0.0470813512802124,train
COV434,Erlotinib,,,,0.038404371589422226,train
SNU-1079,Erlotinib,,,,0.13238275051116943,train
BC-3C,Erlotinib,,,,0.1447756141424179,train
GDM-1,Erlotinib,,,,0.08542434126138687,train
UM-RC-2,Erlotinib,,,,0.12912599742412567,train
BT-474,Erlotinib,,,0.0537926082643491,0.06279659271240234,train
UACC-257,Erlotinib,,,0.0049737474990444,0.04003410413861275,train
KMS-26,Erlotinib,,,0.011861918754795,0.036246441304683685,train
TE-11,Erlotinib,,,0.256996908787732,0.21475890278816223,train
SNU-349,Erlotinib,,,,0.0751822367310524,train
1321N1,Erlotinib,,,0.0588349285319097,0.03955584764480591,train
NCI-H1395,Erlotinib,,,,0.09330826252698898,train
A-549,Erlotinib,,,0.0812118077477125,0.10596880316734314,train
AZ-521,Erlotinib,,,0.145596979444519,0.06257253885269165,train
KLM-1,Erlotinib,,,,0.18969281017780304,train
HCC1438,Erlotinib,,,,0.09173626452684402,train
GR-M,Erlotinib,,,,0.041344258934259415,train
SNU-324,Erlotinib,,,,0.13583920896053314,train
Hs 604.T,Erlotinib,,,,0.034193262457847595,train
KYM-1,Erlotinib,,,0.0,0.008325353264808655,train
Hs 934.T,Erlotinib,,,,0.04021177068352699,train
MDA-MB-231,Erlotinib,,,,0.04047419875860214,train
NCI-H1915,Erlotinib,,,0.0466802928699457,0.05800611153244972,train
RD-ES,Erlotinib,,,,0.007102231495082378,train
SH-SY5Y,Erlotinib,,,,0.024670761078596115,train
SNU-475,Erlotinib,,,0.0611929252113123,0.0345035195350647,train
HCC38,Erlotinib,,,,0.15849706530570984,train
SCC-15,Erlotinib,,,,0.15367865562438965,train
SUP-B15,Erlotinib,,,,0.08099513500928879,train
CAL-29,Erlotinib,,,,0.1996508240699768,train
MOLP-8,Erlotinib,,,0.0087589415680787,0.03108012117445469,train
Mel JuSo,Erlotinib,,,,0.04146391898393631,train
SK-MEL-5,Erlotinib,,,0.0558275988840162,0.056968193501234055,train
HEC-251,Erlotinib,,,0.0692984705132535,0.4047219753265381,train
U-118MG,Erlotinib,,,0.0070533201869107,0.03135130554437637,train
Ri-1,Erlotinib,,,,0.06974920630455017,train
Ci-1,Erlotinib,,,0.0,0.07874282449483871,train
CL-11,Erlotinib,,,,0.0794297456741333,train
COLO 775,Erlotinib,,,,0.03882633522152901,train
SK-MEL-31,Erlotinib,,,0.0229383589159689,0.02698441594839096,train
OV-90,Erlotinib,,,0.0,0.04413656145334244,train
COR-L279,Erlotinib,,,,0.037758637219667435,train
SNU-626,Erlotinib,,,,0.03875851631164551,train
HCC2218,Erlotinib,,,,0.07607348263263702,train
HCC2279,Erlotinib,,,,0.07253984361886978,train
Sq-1,Erlotinib,,,0.0680186397544565,0.13281160593032837,train
KYSE-450,Erlotinib,,,0.208821358045585,0.15915721654891968,train
Hs 939.T,Erlotinib,,,0.0189969794046147,0.036146074533462524,train
LS123,Erlotinib,,,0.0687453300998243,0.08419881016016006,train
Detroit 562,Erlotinib,,,0.115415781570674,0.17188020050525665,train
OVISE,Erlotinib,,,,0.1487862765789032,train
REC-1,Erlotinib,,,,0.07549843192100525,train
SLR20,Erlotinib,,,,0.06369610130786896,train
SLR24,Erlotinib,,,,0.11848033964633942,train
HCC827 GR5,Erlotinib,,,,0.1459464132785797,train
COLO 677,Erlotinib,,,0.0094709590747711,0.033223848789930344,train
OPM-2,Erlotinib,,,0.0670311385708233,0.03670134395360947,train
LS513,Erlotinib,,,,0.04797710105776787,train
SNU-1033,Erlotinib,,,,0.09129579365253448,train
PaTu 8902,Erlotinib,,,0.0142065488811397,0.06695287674665451,train
OVSAHO,Erlotinib,,,0.028593683053534,0.04748576879501343,train
NCI-H1876,Erlotinib,,,,0.05554354935884476,train
HCT 15,Erlotinib,,,0.0513580719604864,0.3698406219482422,train
JHOM-2B,Erlotinib,,,,0.08190257847309113,train
NCI-H1355,Erlotinib,,,0.170404319767082,0.12068843841552734,train
RKN,Erlotinib,,,0.0210373946360292,0.02557624876499176,train
TE 125.T,Erlotinib,,,,0.037462107837200165,train
Ki-JK,Erlotinib,,,,0.031553275883197784,train
BICR 6,Erlotinib,,,,0.16014063358306885,train
ST486,Erlotinib,,,,0.06751370429992676,train
253J,Erlotinib,,,,0.11063120514154434,train
A-1207,Erlotinib,,,,0.03344377130270004,train
EFO-27,Erlotinib,,,0.161534838593571,0.12437504529953003,train
Rh41,Erlotinib,,,,0.018825724720954895,train
HTK-,Erlotinib,,,,0.024299971759319305,train
AML-193,Erlotinib,,,,0.08935651183128357,train
VMRC-LCD,Erlotinib,,,9.30474122692297e-16,0.04940034821629524,train
CHL-1,Erlotinib,,,0.131031637107937,0.057298317551612854,train
CHP-126,Erlotinib,,,,0.02190258353948593,train
NCI-H660,Erlotinib,,,,0.07368927448987961,train
P12-Ichikawa,Erlotinib,,,0.0423395601743679,0.0702800303697586,train
OC 316,Erlotinib,,,0.0341578512748455,0.08560631424188614,train
Hs 229.T,Erlotinib,,,0.0,0.02891358733177185,train
C32 [Human melanoma],Erlotinib,,,0.0396979745149343,0.04065960645675659,train
HCC70,Erlotinib,,,0.0882811990466099,0.1638675034046173,train
NCI-H209,Erlotinib,,,,0.0342104509472847,train
CL-14,Erlotinib,,,,0.09548673033714294,train
Evsa-T,Erlotinib,,,,0.05073852092027664,train
NCI-H661,Erlotinib,,,0.0029913890869735,0.05538027733564377,train
SNU-245,Erlotinib,,,,0.07983290404081345,train
22Rv1,Erlotinib,,,0.0050320973958801,0.06322092562913895,train
YD-8,Erlotinib,,,,0.06582535058259964,train
MKN74,Erlotinib,,,0.034472324213695,0.1016584262251854,train
WM793,Erlotinib,,,0.0280512493673766,0.035110410302877426,train
HCT 8,Erlotinib,,,,0.10602757334709167,train
SLR23,Erlotinib,,,,0.1029166653752327,train
MM1.S,Erlotinib,,,,0.05046822875738144,train
SCaBER,Erlotinib,,,0.25850831113567,0.1753060668706894,train
KYSE-270,Erlotinib,,,,0.1376294642686844,train
CAL-148,Erlotinib,,,,0.07630268484354019,train
OV56,Erlotinib,,,,0.0641101747751236,train
MDA-MB-436,Erlotinib,,,0.0656501567842006,0.06743435561656952,train
COR-L47,Erlotinib,,,,0.02654537931084633,train
JHH-2,Erlotinib,,,0.0764561426940383,0.06486313790082932,train
LN-382,Erlotinib,,,,0.0294207651168108,train
MFE-319,Erlotinib,,,0.262087844354188,0.4111703634262085,train
OS-RC-2,Erlotinib,,,,0.09978708624839783,train
Panc 10.05,Erlotinib,,,0.0565475629518381,0.0908966138958931,train
TM-31,Erlotinib,,,,0.05862550809979439,train
SNU-478,Erlotinib,,,,0.15494883060455322,train
BHT-101,Erlotinib,,,,0.04491930454969406,train
LK-2,Erlotinib,,,,0.07589931041002274,train
OVCAR-3,Erlotinib,,,0.144301376051329,0.15293291211128235,train
HCC4006,Erlotinib,,,0.492663395066886,0.24679967761039734,train
SK-LMS-1,Erlotinib,,,0.0986029758746453,0.030506765469908714,train
KNS-42,Erlotinib,,,0.0,0.06270242482423782,train
HCC366,Erlotinib,,,,0.10084696859121323,train
HCC-56,Erlotinib,,,0.0570985978077439,0.02120695821940899,train
MC116,Erlotinib,,,0.0,0.07881294190883636,train
ECC10,Erlotinib,,,,0.036313630640506744,train
HDQ-P1,Erlotinib,,,0.204718307811704,0.157410129904747,train
K-562,Erlotinib,,,,0.03738100826740265,train
KYSE-70,Erlotinib,,,0.171711681503882,0.13845495879650116,train
NCI-H1666,Erlotinib,,,0.379534141507989,0.19832587242126465,train
U266B1,Erlotinib,,,,0.034660108387470245,train
SNB-19,Erlotinib,,,,0.07193470001220703,train
YH-13,Erlotinib,,,,0.03421282023191452,train
ESS-1,Erlotinib,,,0.0676722356100884,0.03302162513136864,train
GA-10,Erlotinib,,,,0.07806248217821121,train
Hep 3B2.1-7,Erlotinib,,,0.0,0.08860128372907639,train
Loucy,Erlotinib,,,,0.0758247822523117,train
KNS-60,Erlotinib,,,0.0080715130241218,0.032945580780506134,train
NCC-StC-K140,Erlotinib,,,,0.17184513807296753,train
NCI-H1836,Erlotinib,,,,0.02980475313961506,train
SH-4,Erlotinib,,,,0.058820292353630066,train
SNU-878,Erlotinib,,,,0.07809344679117203,train
EWS-502,Erlotinib,,,,0.01948329620063305,train
MOR/CPR,Erlotinib,,,0.0502375665599399,0.07156529277563095,train
NCI-H1651,Erlotinib,,,0.0427770897570794,0.057435933500528336,train
NCI-H23,Erlotinib,,,0.0122367471885851,0.054724738001823425,train
SW1271,Erlotinib,,,0.0170029385810013,0.039399608969688416,train
Hs 888.T,Erlotinib,,,,0.035556815564632416,train
FaDu,Erlotinib,,,0.202366269449161,0.16133132576942444,train
Rh30,Erlotinib,,,0.0078888326839729,0.0330829992890358,train
BICR 16,Erlotinib,,,,0.16587723791599274,train
DM-3,Erlotinib,,,,0.03537693992257118,train
NCI-H1105,Erlotinib,,,,0.03275065869092941,train
SIG-M5,Erlotinib,,,0.126180404243534,0.08713223040103912,train
Caki-1,Erlotinib,,,,0.08939401805400848,train
NCI-H1435,Erlotinib,,,,0.10764246433973312,train
SNU-719,Erlotinib,,,,0.07328697293996811,train
CL-40,Erlotinib,,,,0.057771291583776474,train
KMS-34,Erlotinib,,,0.0064564022136489,0.03730344772338867,train
GI-1,Erlotinib,,,0.0218896481720671,0.020892001688480377,train
SU-DHL-8,Erlotinib,,,0.0060804652612669,0.07793539762496948,train
TOV-21G,Erlotinib,,,0.0680697732550301,0.12409380078315735,train
HCC1419,Erlotinib,,,,0.05605220049619675,train
HCC44,Erlotinib,,,0.006897030803354,0.04845288768410683,train
RPMI-7951,Erlotinib,,,0.0109625104648995,0.01750941574573517,train
SiMa,Erlotinib,,,0.0,0.0172605961561203,train
COLO 679,Erlotinib,,,0.0172851774931118,0.05449773743748665,train
DBTRG-05MG,Erlotinib,,,0.0295293703939529,0.05158577486872673,train
MDA-MB-435,Erlotinib,,,0.0032447247819237,0.051580335944890976,train
NCI-H226,Erlotinib,,,0.0059545026920058,0.019107013940811157,train
SW1463,Erlotinib,,,,0.047509677708148956,train
Hs 172.T,Erlotinib,,,,0.03048047050833702,train
MOG-G-UVW,Erlotinib,,,,0.03676329925656319,train
Hs 274.T,Erlotinib,,,,0.04162897169589996,train
SNU-387,Erlotinib,,,0.0137625000000001,0.03903423249721527,train
Karpas-620,Erlotinib,,,0.0213122057174258,0.060880184173583984,train
COR-L105,Erlotinib,,,0.184419137598666,0.131207674741745,train
Kuramochi,Erlotinib,,,0.0934454016671447,0.07426832616329193,train
OVTOKO,Erlotinib,,,0.105820028525121,0.09169472754001617,train
CA46,Erlotinib,,,,0.08782806247472763,train
KE-37,Erlotinib,,,,0.07421993464231491,train
HuP-T3,Erlotinib,,,0.0448855558355754,0.09997154027223587,train
OCI-Ly3,Erlotinib,,,,0.06064103543758392,train
BT-20,Erlotinib,,,0.135831213554948,0.14920370280742645,train
MEC-2,Erlotinib,,,,0.09117048233747482,train
HK-2 [Human kidney],Erlotinib,,,,0.09792549908161163,train
HCC2814,Erlotinib,,,,0.18087592720985413,train
HLF,Erlotinib,,,0.0197482195163892,0.05791568011045456,train
TE-4,Erlotinib,,,,0.1651097536087036,train
WSU-DLCL2,Erlotinib,,,,0.08119377493858337,train
CAL-33,Erlotinib,,,,0.17045660316944122,train
COR-L51,Erlotinib,,,,0.04534631222486496,train
IGR-37,Erlotinib,,,0.0326273087860175,0.036442145705223083,train
NCI-H2085,Erlotinib,,,0.0529470600289252,0.09798680245876312,train
BICR 56,Erlotinib,,,,0.18197554349899292,train
EFE-184,Erlotinib,,,0.103552446743147,0.09387653321027756,train
SNU-5,Erlotinib,,,,0.045206304639577866,train
BV-173,Erlotinib,,,,0.0774497538805008,train
KCL-22,Erlotinib,,,0.045496630596638,0.055023156106472015,train
NCI-H2172,Erlotinib,,,,0.07319926470518112,train
U-138MG,Erlotinib,,,,0.031623534858226776,train
U-251MG,Erlotinib,,,,0.07038195431232452,train
COR-L95,Erlotinib,,,,0.032282307744026184,train
DAN-G,Erlotinib,,,,0.10968897491693497,train
SNU-283,Erlotinib,,,,0.048647623509168625,train
MHH-CALL-4,Erlotinib,,,,0.09832382202148438,train
RS4;11,Erlotinib,,,,0.0827597975730896,train
SK-MEL-24,Erlotinib,,,0.0174420687459357,0.030675245448946953,train
23132/87,Erlotinib,,,,0.11025319248437881,train
Hs 944.T,Erlotinib,,,0.0221635619877788,0.033562980592250824,train
BFTC-909,Erlotinib,,,0.0269900860312162,0.023175733163952827,train
JH-EsoAd1,Erlotinib,,,,0.12240292131900787,train
CJM [Human melanoma],Erlotinib,,,,0.15661580860614777,train
JHOC-5,Erlotinib,,,,0.14428675174713135,train
HCC1569,Erlotinib,,,0.0068813097414282,0.08743344992399216,train
JM-1,Erlotinib,,,0.0363750000000003,0.07105091959238052,train
KMRC-20,Erlotinib,,,,0.1150132492184639,train
NCI-H889,Erlotinib,,,,0.024229174479842186,train
RCC10RGB,Erlotinib,,,,0.10575760900974274,train
SCC-9,Erlotinib,,,0.209352556276592,0.18064486980438232,train
Lu-99A,Erlotinib,,,0.0935112861463288,0.04216635972261429,train
TUHR14TKB,Erlotinib,,,,0.14881281554698944,train
TE-14,Erlotinib,,,,0.1915571540594101,train
DoHH2,Erlotinib,,,0.0,0.08216971158981323,train
HEL,Erlotinib,,,,0.07768204808235168,train
NCI-H211,Erlotinib,,,0.0,0.043703194707632065,train
NCI-H650,Erlotinib,,,0.0050111947642401,0.027190670371055603,train
NU-DHL-1,Erlotinib,,,,0.0896330177783966,train
SCLC-21H,Erlotinib,,,,0.02954329550266266,train
SUIT-2,Erlotinib,,,0.12975502270627,0.09815260767936707,train
NCI-H1734,Erlotinib,,,,0.11099889874458313,train
SNU-1272,Erlotinib,,,,0.116769939661026,train
NCI-H2170,Erlotinib,,,0.198096525046799,0.12156949192285538,train
CW-2,Erlotinib,,,,0.38018468022346497,train
MCF-7,Erlotinib,,,0.0520886505724126,0.0713868960738182,train
GMS-10,Erlotinib,,,0.0190540934281724,0.021640684455633163,train
KG-1,Erlotinib,,,0.0368547649599705,0.08092104643583298,train
A-375,Erlotinib,,,0.0345979103829177,0.04331625998020172,train
HuH-1,Erlotinib,,,0.0410050329319411,0.08301790803670883,train
NCI-H522,Erlotinib,,,0.0403443205178365,0.06612782925367355,train
SNU-1066,Erlotinib,,,,0.16240015625953674,train
NCI-H684,Erlotinib,,,,0.048702422529459,train
NCI-H2405,Erlotinib,,,,0.09090439975261688,train
PE/CA-PJ49,Erlotinib,,,,0.17345553636550903,train
MSTO-211H,Erlotinib,,,0.0468232661050798,0.042314670979976654,train
Hs 834.T,Erlotinib,,,,0.040283430367708206,train
SK-N-AS,Erlotinib,,,0.0127704422972367,0.022828811779618263,train
SLR26,Erlotinib,,,,0.1248226910829544,train
RT112/84,Erlotinib,,,,0.14969758689403534,train
AM-38,Erlotinib,,,,0.038588106632232666,train
HCC1143,Erlotinib,,,,0.17465248703956604,train
Mino,Erlotinib,,,0.123214185346362,0.08372102677822113,train
HMC-1-8,Erlotinib,,,0.0194228408584924,0.04815595597028732,train
RERF-LC-Sq1,Erlotinib,,,,0.046354956924915314,train
F-36P,Erlotinib,,,0.0167801670068449,0.06912054121494293,train
LXF 289,Erlotinib,,,,0.07035236805677414,train
SK-UT-1,Erlotinib,,,,0.04146301746368408,train
TC-71,Erlotinib,,,0.0,0.012751353904604912,train
SNU-61,Erlotinib,,,,0.09196338057518005,train
CH-157MN,Erlotinib,,,,0.013936693780124187,train
EFO-21,Erlotinib,,,0.0443850557242215,0.04193859547376633,train
LN-215,Erlotinib,,,,0.03940178453922272,train
NCI-H441,Erlotinib,,,0.0361416593151064,0.12750867009162903,train
CL-34,Erlotinib,,,,0.06645819544792175,train
CMK-86,Erlotinib,,,0.0731526974712473,0.08169183135032654,train
YAPC,Erlotinib,,,,0.022716257721185684,train
SR,Erlotinib,,,,0.04088415205478668,train
SNU-761,Erlotinib,,,,0.10587488859891891,train
HT-1080,Erlotinib,,,0.0153929865687471,0.04185808077454567,train
Hs 819.T,Erlotinib,,,,0.04136177524924278,train
WM266-4,Erlotinib,,,0.013118494741462,0.027866428717970848,train
SBC-5,Erlotinib,,,0.0039550034889971,0.046040650457143784,train
C2BBe1,Erlotinib,,,0.159842685884974,0.1305350661277771,train
OCI-AML-5,Erlotinib,,,0.0410195798759189,0.09160090237855911,train
LC-1F,Erlotinib,,,,0.1402389109134674,train
YD-10B,Erlotinib,,,,0.17458616197109222,train
Ku812,Erlotinib,,,0.0324607245661844,0.06628135591745377,train
NCI-H810,Erlotinib,,,0.0,0.030270583927631378,train
U-BLC1,Erlotinib,,,,0.14314967393875122,train
NCI-H1869,Erlotinib,,,0.152424158416781,0.17504076659679413,train
NCI-H1092,Erlotinib,,,0.0,0.02595377340912819,train
SNU-869,Erlotinib,,,,0.053669318556785583,train
KP-N-SI9s,Erlotinib,,,0.0729198755695362,0.0242227204144001,train
Hs 739.T,Erlotinib,,,0.0,0.037782423198223114,train
MDA-MB-175-VII,Erlotinib,,,0.157212631566185,0.10401267558336258,train
KMM-1,Erlotinib,,,0.0068735760231036,0.024688517674803734,train
HCC2157,Erlotinib,,,,0.09006215631961823,train
Daudi,Erlotinib,,,,0.091609425842762,train
HARA [Human squamous cell lung carcinoma],Erlotinib,,,0.1139355773964,0.1563047617673874,train
HPB-ALL,Erlotinib,,,,0.0702991783618927,train
Hs 863.T,Erlotinib,,,,0.040333718061447144,train
SK-MEL-2,Erlotinib,,,0.0,0.047228459268808365,train
MFE-296,Erlotinib,,,0.105789474600448,0.06560900807380676,train
SK-N-BE(2),Erlotinib,,,0.0084039392609817,0.014726987108588219,train
OELE,Erlotinib,,,,0.04503462463617325,train
LN-308,Erlotinib,,,,0.04689387232065201,train
SNU-503,Erlotinib,,,,0.19139397144317627,train
MDST8,Erlotinib,,,,0.03494540601968765,train
TE 617.T,Erlotinib,,,0.197636142689306,0.06580564379692078,train
SLR21,Erlotinib,,,,0.13294059038162231,train
A3/Kawakami,Erlotinib,,,,0.02811834029853344,train
D283 Med,Erlotinib,,,,0.0325486958026886,train
HT115,Erlotinib,,,,0.41742628812789917,train
NCI-H322,Erlotinib,,,0.305784120047208,0.15881362557411194,train
NCI-H647,Erlotinib,,,0.0064603721947235,0.08309438824653625,train
NMC-G1,Erlotinib,,,,0.05497487634420395,train
RT-4,Erlotinib,,,0.16739683663155,0.15019500255584717,train
SNU-216,Erlotinib,,,,0.13371622562408447,train
JK-1,Erlotinib,,,,0.07318586111068726,train
SU-DHL-1,Erlotinib,,,,0.027868252247571945,train
A-172,Erlotinib,,,0.0395475949424443,0.009439530782401562,test
WSU-NHL,Erlotinib,,,0.0,0.0694810077548027,test
KALS-1,Erlotinib,,,0.0632975022632326,0.01839280128479004,test
Raji,Erlotinib,,,0.0733339353722573,0.06717731058597565,test
KYSE-180,Erlotinib,,,0.119754944709697,0.09733978658914566,test
TT,Erlotinib,,,0.0546793713530746,0.01712017133831978,test
KP-N-RT-BM-1,Erlotinib,,,,0.013026383705437183,test
786-O,Erlotinib,,,0.16353602307036,0.041959404945373535,test
HGC-27,Erlotinib,,,0.100834704079118,0.004727290943264961,test
AN3-CA,Erlotinib,,,0.0073317966203445,0.014437946490943432,test
EB2,Erlotinib,,,0.0429537375852646,0.07639385759830475,test
HT-1376,Erlotinib,,,0.163329504266335,0.08019178360700607,test
RD,Erlotinib,,,0.0136657485252508,0.009836383163928986,test
OVCAR-8,Erlotinib,,,0.0617973859608571,0.035343922674655914,test
A2058,Erlotinib,,,0.079136036175367,0.016998065635561943,test
BB30-HNC,Erlotinib,,,,0.11706872284412384,test
NCI-H1437,Erlotinib,,,,0.06264419853687286,test
B-CPAP,Erlotinib,,,0.122902705309522,0.013374688103795052,test
CAMA-1,Erlotinib,,,0.0246328130540226,0.017881903797388077,test
BFTC-905,Erlotinib,,,0.0031122253380978,0.11174551397562027,test
TK-10,Erlotinib,,,0.141051776663695,0.0818856805562973,test
T-47D,Erlotinib,,,0.138447567826433,0.028129633516073227,test
THP-1,Erlotinib,,,,0.06803478300571442,test
DMS 114,Erlotinib,,,0.0603905594952663,0.007984586991369724,test
CGTH-W-1,Erlotinib,,,0.0294210175555731,0.019990118220448494,test
HDLM-2,Erlotinib,,,0.149176430949222,0.0432993546128273,test
C-33 A,Erlotinib,,,0.0934427645635586,0.017456412315368652,test
AsPC-1,Erlotinib,,,0.043721247078965,0.029126068577170372,test
Lu-139,Erlotinib,,,,0.01720746047794819,test
KP-4,Erlotinib,,,0.0553098882841773,0.04243572801351547,test
SKM-1,Erlotinib,,,,0.06733642518520355,test
SBC-1,Erlotinib,,,,0.023384101688861847,test
EM-2,Erlotinib,,,0.0453624148928001,0.06238696724176407,test
SW954,Erlotinib,,,,0.12639334797859192,test
Jiyoye,Erlotinib,,,0.231501342822903,0.06328615546226501,test
D-336MG,Erlotinib,,,,0.027583613991737366,test
HOP-92,Erlotinib,,,0.138064751595122,0.03210287168622017,test
HCC1806,Erlotinib,,,0.173135587844158,0.08761276304721832,test
RPMI-8226,Erlotinib,,,0.0257653376591053,0.03703559935092926,test
TGBC24TKB,Erlotinib,,,0.12839221338189,0.011942794546484947,test
SK-N-DZ,Erlotinib,,,0.190877746783005,0.00989103876054287,test
HT-29,Erlotinib,,,0.049706488152891,0.0339093916118145,test
OAW28,Erlotinib,,,0.0535034794685187,0.06335454434156418,test
Calu-6,Erlotinib,,,0.0722255998610351,0.012024680152535439,test
NCI-H2107,Erlotinib,,,,0.0150782261043787,test
NCI-H2291,Erlotinib,,,,0.10032347589731216,test
LP-1,Erlotinib,,,,0.03191201388835907,test
BL-41,Erlotinib,,,0.0118384917032668,0.07669717073440552,test
ES5,Erlotinib,,,,0.011201737448573112,test
HL-60,Erlotinib,,,0.0071142786513688,0.08124152570962906,test
DEL,Erlotinib,,,0.170371407336351,0.03041253797709942,test
HCC1599,Erlotinib,,,,0.04719528555870056,test
NCI-H2029,Erlotinib,,,,0.01750226691365242,test
HLE,Erlotinib,,,0.0842854915130979,0.03631502389907837,test
Becker,Erlotinib,,,0.0559695671309726,0.026555504649877548,test
KM-H2,Erlotinib,,,0.0232652101478193,0.0425155870616436,test
NCI-H460,Erlotinib,,,,0.04145696014165878,test
MHH-PREB-1,Erlotinib,,,0.0845859251173788,0.05797430872917175,test
Ca9-22,Erlotinib,,,0.204540945326937,0.0996101051568985,test
A-427,Erlotinib,,,,0.03450869396328926,test
DU145,Erlotinib,,,0.0504256442011685,0.07688327878713608,test
NCI-H727,Erlotinib,,,0.018500195588399,0.017066866159439087,test
COLO 678,Erlotinib,,,0.131240584265093,0.021519530564546585,test
NH-12,Erlotinib,,,0.0929692213382107,0.014442777261137962,test
RERF-LC-MS,Erlotinib,,,,0.039131976664066315,test
SF539,Erlotinib,,,0.107097156485175,0.021487921476364136,test
NCI-H1299,Erlotinib,,,0.003360132485238,0.03747299686074257,test
IGR-1,Erlotinib,,,0.0285604503652354,0.01250851433724165,test
BT-549,Erlotinib,,,0.00242119823243,0.01863541267812252,test
ACHN,Erlotinib,,,0.242758493301892,0.0900312066078186,test
TE-6,Erlotinib,,,0.24535955249507,0.09997035562992096,test
HCE-4,Erlotinib,,,,0.04296142980456352,test
EoL-1,Erlotinib,,,0.0559775520388389,0.07657387852668762,test
DMS 79,Erlotinib,,,,0.022135242819786072,test
H9,Erlotinib,,,0.0373218963147581,0.06049396097660065,test
SW900,Erlotinib,,,0.034436098184516,0.035149842500686646,test
HH [Human lymphoma],Erlotinib,,,0.0,0.052895281463861465,test
IPC-298,Erlotinib,,,,0.011506468988955021,test
HD-MY-Z,Erlotinib,,,0.0196507805081226,0.015366227366030216,test
TE-9,Erlotinib,,,0.123723346332712,0.08748211711645126,test
WRO,Erlotinib,,,0.0183433366493724,0.014228533953428268,test
BL-70,Erlotinib,,,,0.07329341769218445,test
A2780,Erlotinib,,,0.0480173825975849,0.007947887293994427,test
769-P,Erlotinib,,,0.0998666835523972,0.04958602786064148,test
Kasumi-1,Erlotinib,,,,0.06949381530284882,test
697,Erlotinib,,,0.0723215091879512,0.06220421940088272,test
Rh1,Erlotinib,,,0.164602790314206,0.011472510173916817,test
CAL-62,Erlotinib,,,0.0704291085745773,0.02734505571424961,test
NCI-H28,Erlotinib,,,0.146562151339564,0.062017299234867096,test
EKVX,Erlotinib,,,,0.0886898785829544,test
HMV-II,Erlotinib,,,0.0062459037523043,0.016631610691547394,test
OCUB-M,Erlotinib,,,0.082785767395351,0.029217803850769997,test
HuP-T4,Erlotinib,,,0.182728249095992,0.03793087974190712,test
LoVo,Erlotinib,,,0.150013398998124,0.046601880341768265,test
PLC/PRF/5,Erlotinib,,,,0.041629042476415634,test
RMG-I,Erlotinib,,,0.225365857533737,0.05141263082623482,test
YKG-1,Erlotinib,,,,0.02313391864299774,test
SF268,Erlotinib,,,0.0926661417043351,0.015170592814683914,test
UACC-62,Erlotinib,,,0.0049190319731272,0.0176016204059124,test
NCI-H1703,Erlotinib,,,0.0492565931354735,0.03687486797571182,test
VM-CUB-1,Erlotinib,,,0.0391537232636123,0.10945861041545868,test
KNS-81-FD,Erlotinib,,,,0.02752949669957161,test
HCC1937,Erlotinib,,,0.152121749801794,0.0868123322725296,test
SW962,Erlotinib,,,,0.03412415459752083,test
TE-15,Erlotinib,,,,0.1405605971813202,test
HT-1197,Erlotinib,,,0.150526604161224,0.07116860896348953,test
A-673,Erlotinib,,,0.055179000489131,0.013122128322720528,test
SNU-16,Erlotinib,,,0.0334888043109756,0.015197007916867733,test
GT3TKB,Erlotinib,,,,0.017675483599305153,test
IST-SL1,Erlotinib,,,,0.017459385097026825,test
NBsusSR,Erlotinib,,,,0.017432842403650284,test
PA-1,Erlotinib,,,0.126645238104914,0.016353895887732506,test
NCI-H1522,Erlotinib,,,,0.017659233883023262,test
NCI-H520,Erlotinib,,,0.0544276842048052,0.014744654297828674,test
CAL-39,Erlotinib,,,0.318536756937714,0.11826752871274948,test
SJNB-14,Erlotinib,,,0.0677168554420596,0.010246843099594116,test
D-502MG,Erlotinib,,,,0.036047354340553284,test
DU4475,Erlotinib,,,0.0079425903526871,0.008120468817651272,test
HuO9,Erlotinib,,,0.0167085460008972,0.009582731872797012,test
NCI-H716,Erlotinib,,,0.178454822937325,0.004598582629114389,test
NCI-H2171,Erlotinib,,,,0.01667419821023941,test
H-EMC-SS,Erlotinib,,,0.0168334848716047,0.009379997849464417,test
EW-18,Erlotinib,,,0.0290715233180989,0.015581912361085415,test
LAMA-84,Erlotinib,,,0.0271987461480035,0.06004231423139572,test
SW1417,Erlotinib,,,0.0616228424266736,0.018758758902549744,test
TALL-1 [Human adult T-ALL],Erlotinib,,,,0.055061012506484985,test
KU-19-19,Erlotinib,,,0.0481506913499164,0.07966653257608414,test
MDA-MB-361,Erlotinib,,,0.104883135451205,0.022150794044137,test
NCI-H358,Erlotinib,,,0.104499094059769,0.08494918048381805,test
TGBC11TKB,Erlotinib,,,0.0695028945912259,0.045095328241586685,test
NCI-H1048,Erlotinib,,,0.0682661724522308,0.027731897309422493,test
CAL-85-1,Erlotinib,,,0.010184268776168,0.087487131357193,test
TCCSUP,Erlotinib,,,0.129091860971311,0.017294343560934067,test
HuTu 80,Erlotinib,,,,0.01644933596253395,test
LCLC-97TM1,Erlotinib,,,0.0013339044742636,0.05398406833410263,test
NCI-H1693,Erlotinib,,,0.197934987445167,0.05508510023355484,test
TC-YIK,Erlotinib,,,0.104010315132573,0.016198957338929176,test
OVCAR-4,Erlotinib,,,0.0640688213151868,0.05546417087316513,test
SK-HEP-1,Erlotinib,,,0.132263394894991,0.012262539938092232,test
HSC-4,Erlotinib,,,0.184392032832647,0.1150546669960022,test
NCI-H378,Erlotinib,,,,0.012980840168893337,test
M14,Erlotinib,,,0.090689295378625,0.0163730438798666,test
SW780,Erlotinib,,,0.0322095370481603,0.05079461634159088,test
A-498,Erlotinib,,,0.0360519945417917,0.049573514610528946,test
DV-90,Erlotinib,,,,0.02006368152797222,test
GaMG,Erlotinib,,,0.0,0.02005336433649063,test
Karpas-299,Erlotinib,,,0.0393226954560845,0.04692264273762703,test
NCI-H2052,Erlotinib,,,0.0973333751484498,0.010188874788582325,test
SW48,Erlotinib,,,0.268328116685686,0.0632077008485794,test
DK-MG,Erlotinib,,,0.0878350486527208,0.03080214187502861,test
MDA-MB-134-VI,Erlotinib,,,,0.005749525502324104,test
HEC-1,Erlotinib,,,0.0870761859380532,0.033463552594184875,test
LA-N-6,Erlotinib,,,,0.01264161616563797,test
LOX-IMVI,Erlotinib,,,0.120280559181888,0.009095496498048306,test
TYK-nu,Erlotinib,,,0.142568600415575,0.009188682772219181,test
WM115,Erlotinib,,,0.0167166059141056,0.010278335772454739,test
MDA-MB-453,Erlotinib,,,0.068358825087985,0.015091395936906338,test
MG-63,Erlotinib,,,0.0421876668057372,0.024063168093562126,test
NCI-H2227,Erlotinib,,,,0.014493251219391823,test
NCI-H250,Erlotinib,,,,0.014382491819560528,test
SNU-449,Erlotinib,,,0.111999494258823,0.05977628007531166,test
BE-13,Erlotinib,,,0.147781534990873,0.062188081443309784,test
MES-SA,Erlotinib,,,0.1168597627257,0.011399521492421627,test
NCI-H2228,Erlotinib,,,0.0092715175513845,0.05830974131822586,test
SW982,Erlotinib,,,0.0795567448009129,0.02156282588839531,test
OE33,Erlotinib,,,0.0787952959870467,0.045093171298503876,test
BB65-RCC,Erlotinib,,,,0.04707769677042961,test
SK-MG-1,Erlotinib,,,0.070433864693999,0.015109727159142494,test
JVM-3,Erlotinib,,,0.0436716228376414,0.07089902460575104,test
GCIY,Erlotinib,,,0.104588580231879,0.08198990672826767,test
Karpas-45,Erlotinib,,,0.0755587520322391,0.045654721558094025,test
Daoy,Erlotinib,,,0.0687042999930195,0.034175798296928406,test
ChaGo-K-1,Erlotinib,,,,0.052437879145145416,test
Mel Ho,Erlotinib,,,,0.01955355890095234,test
NCI-H2030,Erlotinib,,,,0.058057356625795364,test
EC-GI-10,Erlotinib,,,0.21536816423655,0.08039878308773041,test
Capan-2,Erlotinib,,,0.0882788023444997,0.039624325931072235,test
NCI-H1436,Erlotinib,,,,0.016801057383418083,test
PC-14,Erlotinib,,,0.452159505723895,0.07988157123327255,test
SCC-4,Erlotinib,,,0.0,0.09099934250116348,test
NCI-H747,Erlotinib,,,0.210227900756041,0.04727790132164955,test
KP-N-YS,Erlotinib,,,,0.014300016686320305,test
PC-3,Erlotinib,,,0.0314348689477129,0.06444793939590454,test
NCI-H82,Erlotinib,,,0.0375500055757935,0.012674564495682716,test
L-363,Erlotinib,,,0.050039350294266,0.04228246957063675,test
HT-3,Erlotinib,,,0.0872812627694755,0.08762718737125397,test
UO-31,Erlotinib,,,,0.049996063113212585,test
LS411N,Erlotinib,,,0.0,0.05573507025837898,test
Huh-7,Erlotinib,,,0.056106390938351,0.030882231891155243,test
MHH-NB-11,Erlotinib,,,,0.015541563741862774,test
KNS-62,Erlotinib,,,0.0481804125050365,0.12581197917461395,test
VA-ES-BJ,Erlotinib,,,0.0336946175120275,0.04066627472639084,test
A-431,Erlotinib,,,,0.06855892390012741,test
LB2518-MEL,Erlotinib,,,,0.017321031540632248,test
HSC-2,Erlotinib,,,0.127043457422862,0.1169610396027565,test
NCI-H292,Erlotinib,,,,0.08863301575183868,test
8-MG-BA,Erlotinib,,,0.07098349805725,0.009077489376068115,test
PSN1,Erlotinib,,,0.0950952740174571,0.01589892990887165,test
SW948,Erlotinib,,,0.0246399619175591,0.01860104501247406,test
Ramos.2G6.4C10,Erlotinib,,,0.0370244930004005,0.08088040351867676,test
MDA-MB-157,Erlotinib,,,0.0325283248820249,0.01586250402033329,test
CCF-STTG1,Erlotinib,,,,0.02330036088824272,test
AGS,Erlotinib,,,0.0119508895830124,0.04535513371229172,test
CAL-54,Erlotinib,,,0.279145726458474,0.10381367802619934,test
KP-N-YN,Erlotinib,,,0.0622706447859873,0.01412653736770153,test
ONS-76,Erlotinib,,,0.0261062908301936,0.055206455290317535,test
P31/FUJ,Erlotinib,,,0.0874294536498871,0.08266642689704895,test
SUP-T1,Erlotinib,,,0.0627601258027626,0.05044716224074364,test
CAS-1,Erlotinib,,,0.0226474145819871,0.020535383373498917,test
CCRF-CEM,Erlotinib,,,0.0223111097402942,0.06961765885353088,test
MFH-ino,Erlotinib,,,0.0713558242089594,0.010117804631590843,test
MKN1,Erlotinib,,,0.122706725346073,0.055670514702796936,test
SCC-25,Erlotinib,,,,0.08975780755281448,test
MHH-ES-1,Erlotinib,,,0.0478826429319849,0.011219155043363571,test
OC 314,Erlotinib,,,0.0663229071364073,0.0723697617650032,test
NCI-H1793,Erlotinib,,,0.112680288547275,0.05611333250999451,test
COR-L23,Erlotinib,,,0.127037293904741,0.061534006148576736,test
HOS,Erlotinib,,,0.0640453987890814,0.006405529100447893,test
MZ-MEL-2,Erlotinib,,,,0.005548944231122732,test
ARH-77,Erlotinib,,,0.0,0.06888622790575027,test
NCI-H2081,Erlotinib,,,,0.020513862371444702,test
FTC-133,Erlotinib,,,0.126463268847376,0.022908514365553856,test
MOLT-16,Erlotinib,,,0.0280374095095509,0.07027189433574677,test
BEN,Erlotinib,,,,0.01884663850069046,test
SKG-IIIa,Erlotinib,,,0.0655967582819898,0.08968637883663177,test
HT-144,Erlotinib,,,0.0095970494401134,0.00786682777106762,test
LNCaP clone FGC,Erlotinib,,,0.0208821300751853,0.028225410729646683,test
G-361,Erlotinib,,,0.105127007221735,0.03149056434631348,test
VMRC-RCZ,Erlotinib,,,0.0788264548067618,0.04355482757091522,test
NCI-H1573,Erlotinib,,,0.192579755266309,0.0931936651468277,test
MN-60,Erlotinib,,,0.0095499532284566,0.08035726845264435,test
IGROV-1,Erlotinib,,,0.268742637592148,0.05500180646777153,test
Lu-134-A,Erlotinib,,,,0.02150820754468441,test
A101D,Erlotinib,,,0.104497988900457,0.007179316598922014,test
SK-MM-2,Erlotinib,,,0.0,0.04080388695001602,test
SJNB-13,Erlotinib,,,0.0,0.01494077779352665,test
Calu-3,Erlotinib,,,0.0383672592082141,0.10289715975522995,test
MOLT-13,Erlotinib,,,0.0022161191510482,0.07486759126186371,test
D-423MG,Erlotinib,,,,0.014945387840270996,test
IM-9,Erlotinib,,,0.0072128917308504,0.0651063397526741,test
NCI-H2452,Erlotinib,,,0.0656169240414553,0.03490600734949112,test
SW872,Erlotinib,,,0.0402193448068389,0.009265420958399773,test
SaOS-2,Erlotinib,,,0.0,0.013860785402357578,test
RVH-421,Erlotinib,,,,0.0165720134973526,test
KYSE-140,Erlotinib,,,0.162278294746473,0.10516734421253204,test
MS-1 [Human lung carcinoma],Erlotinib,,,0.0,0.012123322114348412,test
SW684,Erlotinib,,,0.0549753282567146,0.01627783104777336,test
CPC-N,Erlotinib,,,0.0047772783418361,0.013550045900046825,test
HCT 116,Erlotinib,,,0.0129015220458851,0.041259944438934326,test
D-392MG,Erlotinib,,,0.057823574535457,0.026549657806754112,test
Lu-135,Erlotinib,,,0.0,0.014928067103028297,test
TE-8,Erlotinib,,,0.130460736949492,0.06156636029481888,test
SW1088,Erlotinib,,,0.110024121337932,0.026013722643256187,test
NCI-H1155,Erlotinib,,,0.203915183917306,0.009537463076412678,test
MRK-nu-1,Erlotinib,,,0.0143790050022087,0.026688776910305023,test
SK-CO-1,Erlotinib,,,0.0924104278455634,0.058752454817295074,test
J.RT3-T3.5,Erlotinib,,,,0.05817626416683197,test
DSH1,Erlotinib,,,0.0676128774186015,0.08465941995382309,test
NCI-H1650,Erlotinib,,,0.241513676497569,0.09464700520038605,test
NCI-H345,Erlotinib,,,,0.023448554798960686,test
KO52,Erlotinib,,,,0.08369742333889008,test
HOP-62,Erlotinib,,,0.0433444639744941,0.028943650424480438,test
ES1,Erlotinib,,,0.0821987355896049,0.011484570801258087,test
SW1710,Erlotinib,,,0.071891126053978,0.07645350694656372,test
HCC1187,Erlotinib,,,0.0269968794253393,0.03045749105513096,test
SK-MEL-3,Erlotinib,,,,0.017964517697691917,test
CAL-120,Erlotinib,,,0.0827137544045422,0.04870706796646118,test
MEG-01,Erlotinib,,,0.0448055119491091,0.05651494860649109,test
NCI-H1993,Erlotinib,,,0.023961971285734,0.08979014307260513,test
SK-NEP-1,Erlotinib,,,,0.012397177517414093,test
OAW42,Erlotinib,,,0.11542242607128,0.047685205936431885,test
EW-16,Erlotinib,,,0.118206030551039,0.01283012330532074,test
SK-MEL-28,Erlotinib,,,,0.011746679432690144,test
CAL-27,Erlotinib,,,0.164004852490996,0.10477320849895477,test
Caov-3,Erlotinib,,,,0.052188847213983536,test
GCT,Erlotinib,,,0.0222649226482903,0.01066716481000185,test
GAK,Erlotinib,,,0.0550717888305092,0.011060926131904125,test
LS1034,Erlotinib,,,0.0831244749134112,0.014983132481575012,test
ECC4,Erlotinib,,,,0.009756451472640038,test
SK-MEL-30,Erlotinib,,,,0.01844148151576519,test
KM12,Erlotinib,,,0.113994160484336,0.02545694261789322,test
DOK,Erlotinib,,,0.352487709036072,0.12545245885849,test
LB1047-RCC,Erlotinib,,,,0.04491389915347099,test
NCI-H2009,Erlotinib,,,0.0468892901794345,0.07326890528202057,test
MDA-MB-468,Erlotinib,,,0.108740338558122,0.07689176499843597,test
ES8,Erlotinib,,,0.0816298550163075,0.012537853792309761,test
COLO 800,Erlotinib,,,,0.018926337361335754,test
HT,Erlotinib,,,,0.06663171201944351,test
Hep-G2/C3A,Erlotinib,,,0.0412973085442558,0.01976158283650875,test
EFM-19,Erlotinib,,,0.0027004650868092,0.008372871205210686,test
NCI-H526,Erlotinib,,,0.0224022813119422,0.013377880677580833,test
RT-112,Erlotinib,,,0.0817115290005434,0.0633385181427002,test
KGN,Erlotinib,,,0.0599764516483662,0.012195678427815437,test
NUGC-3,Erlotinib,,,0.23977326447954,0.08143917471170425,test
MFE-280,Erlotinib,,,0.0,0.04927730932831764,test
BHY,Erlotinib,,,,0.086395762860775,test
NKM-1,Erlotinib,,,0.0506030301986578,0.08354754000902176,test
T98G,Erlotinib,,,0.019287134082367,0.01503290981054306,test
SF126,Erlotinib,,,,0.021364467218518257,test
SNG-M,Erlotinib,,,0.0731774351510269,0.04920782148838043,test
NCI-H1755,Erlotinib,,,0.11048678335709,0.044588278979063034,test
LB373-MEL-D,Erlotinib,,,,0.031579308211803436,test
NCI-H838,Erlotinib,,,,0.04282136633992195,test
TE-10,Erlotinib,,,,0.12677928805351257,test
TUR,Erlotinib,,,0.0206982277267648,0.08405960351228714,test
Karpas-422,Erlotinib,,,0.0151876901153278,0.07164154201745987,test
KYSE-520,Erlotinib,,,0.294400524066998,0.13379549980163574,test
NCI-H510A,Erlotinib,,,,0.023284923285245895,test
Lu-65,Erlotinib,,,0.0421422664636563,0.00044991500908508897,test
COLO 205,Erlotinib,,,0.0344152288339466,0.009555144235491753,test
Caov-4,Erlotinib,,,0.119977129986767,0.0502064973115921,test
SW1990,Erlotinib,,,0.0502602780380748,0.02411586232483387,test
SW1783,Erlotinib,,,0.0304955295549922,0.01903555542230606,test
EW-1,Erlotinib,,,0.0720947818928973,0.017492743209004402,test
OMC-1 [Human cervical carcinoma],Erlotinib,,,,0.07504487782716751,test
COLO 320HSR,Erlotinib,,,0.0018039764489196,0.013802031055092812,test
IST-Mes1,Erlotinib,,,0.0341406357450479,0.01293310709297657,test
Reh,Erlotinib,,,0.0017601926052374,0.07496398687362671,test
LCLC-103H,Erlotinib,,,0.0,0.04111049324274063,test
MOLT-4,Erlotinib,,,0.0657527879266316,0.06135546416044235,test
T24,Erlotinib,,,,0.027419699355959892,test
SW1116,Erlotinib,,,0.104329627400967,0.021317921578884125,test
EPLC-272H,Erlotinib,,,0.0863106388253209,0.1077316626906395,test
SNU-C2B,Erlotinib,,,0.0523432296564404,0.03147418051958084,test
MKN28,Erlotinib,,,0.0592391727682757,0.08469390869140625,test
EW-13,Erlotinib,,,0.0648117478076204,0.01222807914018631,test
HCC1954,Erlotinib,,,0.0585551282765103,0.06527617573738098,test
Hs 578T,Erlotinib,,,0.0,0.025945328176021576,test
647V,Erlotinib,,,0.117054677893993,0.09090131521224976,test
DB,Erlotinib,,,0.0612038872115278,0.06553102284669876,test
NCI-H2196,Erlotinib,,,,0.033310938626527786,test
639V,Erlotinib,,,0.113401886226925,0.03495391830801964,test
CHP-212,Erlotinib,,,0.046777617733772,0.012845787219703197,test
DMS 153,Erlotinib,,,,0.011481400579214096,test
SK-N-FI,Erlotinib,,,0.0525931882768546,0.015004081651568413,test
KYSE-510,Erlotinib,,,,0.06744999438524246,test
HAL-01,Erlotinib,,,0.0115378275470124,0.07321159541606903,test
MKN7,Erlotinib,,,0.128914335995254,0.06820570677518845,test
OE19,Erlotinib,,,0.0142240736676229,0.03365102782845497,test
RL,Erlotinib,,,,0.08033237606287003,test
T84,Erlotinib,,,0.125982157036278,0.03421476110816002,test
LB647-SCLC,Erlotinib,,,,0.01509129349142313,test
LB831-BLC,Erlotinib,,,0.0091927530250769,0.012684430927038193,test
Mono-Mac-6,Erlotinib,,,0.0104751617100743,0.07736290991306305,test
NCI-H1563,Erlotinib,,,0.14221529944924,0.04732797294855118,test
PF-382,Erlotinib,,,0.0,0.04941531643271446,test
MIA PaCa-2,Erlotinib,,,0.0201268815055295,0.021757911890745163,test
SAS,Erlotinib,,,0.135960299193435,0.08500061184167862,test
5637,Erlotinib,,,0.169288575879552,0.1011529490351677,test
8505C,Erlotinib,,,0.092085275399657,0.04531959816813469,test
HSC-3,Erlotinib,,,0.134505306477629,0.11696575582027435,test
TE-1,Erlotinib,,,0.24495911814687,0.08987975120544434,test
SK-MES-1,Erlotinib,,,0.140849325784196,0.026943722739815712,test
ZR-75-30,Erlotinib,,,0.0590437922944436,0.01458999514579773,test
CP67-MEL,Erlotinib,,,,0.03211886063218117,test
SK-LU-1,Erlotinib,,,0.0144374728266127,0.01767934486269951,test
IA-LM,Erlotinib,,,0.0,0.032905228435993195,test
HTC-C3,Erlotinib,,,0.0786803166590527,0.036238785833120346,test
KS-1 [Human glioblastoma],Erlotinib,,,0.0056804939376807,0.012104170396924019,test
SW626,Erlotinib,,,0.046228787222091,0.03822578117251396,test
CAL-72,Erlotinib,,,0.025858262894416,0.02007540501654148,test
COLO 668,Erlotinib,,,0.0790778537501245,0.02130233868956566,test
COLO 824,Erlotinib,,,0.140789145236246,0.04549764469265938,test
PFSK-1,Erlotinib,,,0.0398641673547789,0.008150627836585045,test
COLO 680N,Erlotinib,,,0.0566319333500966,0.1048324778676033,test
NOMO-1,Erlotinib,,,0.0052043625154754,0.08192305266857147,test
H4,Erlotinib,,,0.06207311917361,0.009154348634183407,test
SJNB-6,Erlotinib,,,,0.012783890590071678,test
HuO-3N1,Erlotinib,,,0.057874772605626,0.027854591608047485,test
UM-UC-3,Erlotinib,,,0.0071541656068409,0.026314131915569305,test
SF295,Erlotinib,,,,0.02404881827533245,test
ABC-1,Erlotinib,,,,0.09133820980787277,test
CFPAC-1,Erlotinib,,,0.196809542988945,0.033841490745544434,test
NCI-H596,Erlotinib,,,0.0035515206362329,0.09179393202066422,test
NCI-H1838,Erlotinib,,,0.0082476617604919,0.0865027979016304,test
SHP-77,Erlotinib,,,0.0519881491650187,0.010193219408392906,test
KINGS-1,Erlotinib,,,0.0277240325108469,0.018402060493826866,test
GOTO,Erlotinib,,,0.0377601605871457,0.01462192740291357,test
MPP 89,Erlotinib,,,0.12048513531765,0.00993579812347889,test
ECC12,Erlotinib,,,,0.014078673906624317,test
BxPC-3,Erlotinib,,,0.0563746041905324,0.0865483283996582,test
Panc 03.27,Erlotinib,,,0.108148180686502,0.0656675398349762,test
HT-55,Erlotinib,,,0.137791622514903,0.022338557988405228,test
LB771-HNC,Erlotinib,,,0.093266772649973,0.06177036836743355,test
CP66-MEL,Erlotinib,,,,0.01923031359910965,test
SJNB-10,Erlotinib,,,0.0245651813971402,0.0054472959600389,test
CAL-51,Erlotinib,,,0.113261334134565,0.03843057155609131,test
EW-12,Erlotinib,,,,0.01367742195725441,test
ALL-PO,Erlotinib,,,0.0294064649039689,0.06804991513490677,test
DMS 273,Erlotinib,,,0.102115627919852,0.017063338309526443,test
RKO,Erlotinib,,,0.0,0.022120770066976547,test
RS4;11,Erlotinib,,,0.0737301228490779,0.0877043753862381,test
J82,Erlotinib,,,0.0940096442583044,0.033401843160390854,test
L-428,Erlotinib,,,0.14828163795543,0.03562196344137192,test
NALM-6,Erlotinib,,,0.0445844307172418,0.06721603125333786,test
LB2241-RCC,Erlotinib,,,,0.06839900463819504,test
MeWo,Erlotinib,,,0.0031589482683064,0.01676899380981922,test
MKN45,Erlotinib,,,0.0,0.06577896326780319,test
RCM-1 [Human rectum adenocarcinoma],Erlotinib,,,0.0764819096089081,0.03326794132590294,test
Calu-1,Erlotinib,,,,0.019380725920200348,test
NCI-H2087,Erlotinib,,,0.052555593518512,0.07415061444044113,test
LN-405,Erlotinib,,,0.0372783305977369,0.01741226762533188,test
NCI-H2342,Erlotinib,,,0.0755230221011622,0.10230088979005814,test
TGBC1TKB,Erlotinib,,,0.0510358676524416,0.10284902900457382,test
SW1573,Erlotinib,,,0.0250431547942305,0.025363275781273842,test
HPAF-II,Erlotinib,,,0.0937254950143958,0.018467523157596588,test
Capan-1,Erlotinib,,,0.112619909233223,0.036078158766031265,test
A-253,Erlotinib,,,0.0567319696361276,0.10595522820949554,test
HCC1395,Erlotinib,,,0.086298577111973,0.02581741288304329,test
NCI-N87,Erlotinib,,,0.0,0.06524068862199783,test
NCI-H1792,Erlotinib,,,0.0700180510383056,0.04228699952363968,test
KYSE-150,Erlotinib,,,0.171995020329856,0.06535860151052475,test
NCI-H2347,Erlotinib,,,0.0173000089802618,0.09770554304122925,test
NCI-H2126,Erlotinib,,,,0.07147974520921707,test
SJNB-7,Erlotinib,,,0.0624351476199665,0.026001550257205963,test
COR-L88,Erlotinib,,,0.0257483065537889,0.008794155903160572,test
DMS 53,Erlotinib,,,0.0840319775069894,0.017904669046401978,test
CAL-12T,Erlotinib,,,,0.06577326357364655,test
HuCC-T1,Erlotinib,,,0.15750441624725,0.08029473572969437,test
RPMI-8402,Erlotinib,,,0.122914552817911,0.05690943822264671,test
BC-3,Erlotinib,,,,0.03739771246910095,test
NCI-H2141,Erlotinib,,,0.0769405675517457,0.017929647117853165,test
NCI-H1975,Erlotinib,,,0.134087101785305,0.06937167048454285,test
SW837,Erlotinib,,,0.0682815836939045,0.017585236579179764,test
NCI-H446,Erlotinib,,,0.0792726947984858,0.01290602795779705,test
SK-OV-3,Erlotinib,,,0.139086315500833,0.042095497250556946,test
K5,Erlotinib,,,0.0533732380574563,0.02260168083012104,test
MDA-MB-415,Erlotinib,,,0.0761312973174855,0.012209021486341953,test
KYSE-410,Erlotinib,,,0.139768181946511,0.0804251953959465,test
COLO 741,Erlotinib,,,,0.01737665943801403,test
SNU-C1,Erlotinib,,,0.0191697173359498,0.019888214766979218,test
SW620,Erlotinib,,,0.0216219464265912,0.02194184437394142,test
S-117,Erlotinib,,,,0.021278999745845795,test
ES6,Erlotinib,,,0.0094099194530055,0.00749313784763217,test
NCI-H1618,Erlotinib,,,,0.02068907953798771,test
Panc 08.13,Erlotinib,,,0.108378858569174,0.05370273068547249,test
CMK,Erlotinib,,,,0.07272159308195114,test
D-263MG,Erlotinib,,,0.0430792520514913,0.02347087487578392,test
SNU-1,Erlotinib,,,0.145823211487494,0.011178212240338326,test
A-704,Erlotinib,,,0.0470571542875395,0.04726346209645271,test
NCI-H524,Erlotinib,,,0.0,0.009832201525568962,test
TE-5,Erlotinib,,,0.0574097299569007,0.07174112647771835,test
UMC-11,Erlotinib,,,0.208980109194481,0.011270826682448387,test
MHH-CALL-2,Erlotinib,,,0.0751423697545903,0.0838959664106369,test
U-698-M,Erlotinib,,,0.0,0.05958222225308418,test
COLO 684,Erlotinib,,,0.0270620617566272,0.011116004548966885,test
A4/Fukuda,Erlotinib,,,0.0247666766921647,0.03339333459734917,test
U-87MG ATCC,Erlotinib,,,0.103468581929975,0.007897322997450829,test
CaR-1,Erlotinib,,,0.0671094455741473,0.11313572525978088,test
NCI-H64,Erlotinib,,,0.0509091200332347,0.013305755332112312,test
UACC-257,Erlotinib,,,0.0959194197770232,0.022411104291677475,test
TE-11,Erlotinib,,,,0.049189724028110504,test
CTV-1,Erlotinib,,,0.0285527954314114,0.0547410249710083,test
NCI-H1395,Erlotinib,,,,0.03020048514008522,test
A-549,Erlotinib,,,0.0935847359989765,0.05986938253045082,test
LC4-1,Erlotinib,,,0.0472470709877311,0.07318848371505737,test
MDA-MB-231,Erlotinib,,,0.0919088816833291,0.023882515728473663,test
SNU-475,Erlotinib,,,,0.026648234575986862,test
NOS-1 [Human osteosarcoma],Erlotinib,,,0.0614490277665353,0.010642200708389282,test
HCC38,Erlotinib,,,0.0372734184577072,0.09320808202028275,test
Onda 10,Erlotinib,,,,0.010422839783132076,test
SCC-15,Erlotinib,,,0.187035118305857,0.10131052136421204,test
Mel JuSo,Erlotinib,,,0.0,0.013499259948730469,test
SK-MEL-5,Erlotinib,,,,0.024560471996665,test
U-118MG,Erlotinib,,,0.119465027465257,0.02544393204152584,test
RXF 393L,Erlotinib,,,,0.03497077524662018,test
ACN,Erlotinib,,,,0.012399828061461449,test
COR-L279,Erlotinib,,,0.0421146631818858,0.014734528958797455,test
HCC2218,Erlotinib,,,,0.03387404605746269,test
KYSE-450,Erlotinib,,,0.249714247870949,0.1013750433921814,test
LS123,Erlotinib,,,0.0642274820876216,0.0595228374004364,test
Detroit 562,Erlotinib,,,0.113055729704239,0.09649745374917984,test
OPM-2,Erlotinib,,,0.0749297493858274,0.036664023995399475,test
Ca Ski,Erlotinib,,,0.171508172085414,0.13081642985343933,test
LS513,Erlotinib,,,,0.017939681187272072,test
BB49-HNC,Erlotinib,,,0.0649032011794549,0.023305172100663185,test
HCT 15,Erlotinib,,,0.0612639035453632,0.042934153228998184,test
NCI-H1355,Erlotinib,,,0.0654651217760985,0.061390358954668045,test
CTB-1,Erlotinib,,,,0.07177917659282684,test
ES3,Erlotinib,,,,0.014551087282598019,test
HCC2998,Erlotinib,,,0.0757791095168724,0.028356410562992096,test
ST486,Erlotinib,,,0.0547454358938863,0.06799785047769547,test
DJM-1,Erlotinib,,,,0.1121051013469696,test
EFO-27,Erlotinib,,,,0.08620066195726395,test
HO-1-N-1,Erlotinib,,,0.107349507388662,0.11287844926118851,test
IST-MEL1,Erlotinib,,,0.0033780002246665,0.012179659679532051,test
CHL-1,Erlotinib,,,0.0654932276051647,0.010673989541828632,test
P12-Ichikawa,Erlotinib,,,0.0565234182252757,0.06712089478969574,test
LB996-RCC,Erlotinib,,,0.244483749101784,0.052295949310064316,test
C32 [Human melanoma],Erlotinib,,,0.065620750366615,0.011896594427525997,test
HCC70,Erlotinib,,,0.0858751509327831,0.07760992646217346,test
NCI-H209,Erlotinib,,,0.023677058920034,0.018580080941319466,test
Evsa-T,Erlotinib,,,0.0849955346890464,0.006168142892420292,test
EW-22,Erlotinib,,,0.0334673771211867,0.01148926466703415,test
NCI-H1770,Erlotinib,,,,0.014606968499720097,test
NCI-H661,Erlotinib,,,0.0183791567222997,0.026034723967313766,test
22Rv1,Erlotinib,,,0.069736096163408,0.02298591285943985,test
ES7,Erlotinib,,,0.0459226900447545,0.009305857121944427,test
KYSE-270,Erlotinib,,,0.118008470489392,0.09775242209434509,test
MFM-223,Erlotinib,,,0.0643079792256542,0.032386597245931625,test
CAL-148,Erlotinib,,,0.0795734750613511,0.03416208177804947,test
TGW,Erlotinib,,,0.0165565881013634,0.011637087911367416,test
Panc 10.05,Erlotinib,,,0.0621658606084283,0.056096550077199936,test
OS-RC-2,Erlotinib,,,0.0774021137740855,0.05943718180060387,test
BHT-101,Erlotinib,,,0.0765781940412945,0.02655382640659809,test
LK-2,Erlotinib,,,0.0442055731168206,0.04272613301873207,test
OVCAR-3,Erlotinib,,,0.13193620416725,0.06436693668365479,test
SK-LMS-1,Erlotinib,,,0.0,0.01268166396766901,test
KNS-42,Erlotinib,,,,0.027843793854117393,test
U266B1,Erlotinib,,,0.0,0.03613969311118126,test
NCI-H1666,Erlotinib,,,0.239888386138555,0.10277415812015533,test
KYSE-70,Erlotinib,,,0.0928558580583491,0.06459157168865204,test
EGI-1,Erlotinib,,,0.0577193017282214,0.0583176352083683,test
YH-13,Erlotinib,,,0.108330519226621,0.025426717475056648,test
ESS-1,Erlotinib,,,0.0,0.029207702726125717,test
SCH,Erlotinib,,,,0.02098921686410904,test
Loucy,Erlotinib,,,0.126722763442359,0.0670110210776329,test
NCI-H630,Erlotinib,,,,0.012969846837222576,test
TE-12,Erlotinib,,,,0.1246042251586914,test
MMAc-SF,Erlotinib,,,,0.01437309943139553,test
NCI-H1651,Erlotinib,,,0.035106760337805,0.03926699236035347,test
NCI-H23,Erlotinib,,,0.0538111842857605,0.042507026344537735,test
OVCAR-5,Erlotinib,,,0.0582889736499988,0.051200490444898605,test
FaDu,Erlotinib,,,0.0919298555133749,0.06595034897327423,test
ATN-1,Erlotinib,,,0.010383378654109,0.04762401059269905,test
Onda 11,Erlotinib,,,,0.01906021311879158,test
Caki-1,Erlotinib,,,,0.061799805611371994,test
ETK-1,Erlotinib,,,0.0962274073123258,0.09893976897001266,test
GI-1,Erlotinib,,,0.0053545567804036,0.01960541307926178,test
HCC1419,Erlotinib,,,0.0421967153486887,0.009307440370321274,test
RPMI-7951,Erlotinib,,,0.0225475143541154,0.01948806643486023,test
ME-180,Erlotinib,,,0.161125922555766,0.12464301288127899,test
SiMa,Erlotinib,,,0.0,0.009990502148866653,test
COLO 679,Erlotinib,,,0.0292994676928096,0.02156970463693142,test
DBTRG-05MG,Erlotinib,,,0.132486622714181,0.037177491933107376,test
NCI-H226,Erlotinib,,,0.0782171140782092,0.024959446862339973,test
SW13,Erlotinib,,,0.140957640292288,0.021643590182065964,test
SW1463,Erlotinib,,,0.148997158031401,0.01694713719189167,test
SiHa,Erlotinib,,,0.100299035011736,0.04262751713395119,test
D-566MG,Erlotinib,,,,0.014926047064363956,test
SNU-387,Erlotinib,,,0.0277113770928852,0.024853860959410667,test
Kuramochi,Erlotinib,,,0.0374692583535763,0.02503824047744274,test
KE-37,Erlotinib,,,0.114673657544269,0.07042635232210159,test
CA46,Erlotinib,,,0.060209392888273,0.08229105919599533,test
HuP-T3,Erlotinib,,,0.0819807845597156,0.04675215110182762,test
BT-20,Erlotinib,,,0.0817037264949738,0.05990014225244522,test
P30/OHK,Erlotinib,,,0.153037674252343,0.057439424097537994,test
CAL-33,Erlotinib,,,0.147200557554402,0.07528267055749893,test
SNU-5,Erlotinib,,,0.018421108098326,0.019513534381985664,test
BV-173,Erlotinib,,,0.027744125820815,0.07528439164161682,test
U-251MG,Erlotinib,,,0.112490998886677,0.04690006747841835,test
NCI-H1304,Erlotinib,,,,0.017029957845807076,test
BFTC-909,Erlotinib,,,0.109937893184019,0.01356394961476326,test
SK-MEL-24,Erlotinib,,,0.0129622894813707,0.01410224474966526,test
KOSC-2,Erlotinib,,,,0.11204016208648682,test
RCC10RGB,Erlotinib,,,0.221884830886706,0.05528264865279198,test
SCC-9,Erlotinib,,,0.102543133028613,0.13091517984867096,test
BALL-1,Erlotinib,,,0.0322397955605544,0.07718357443809509,test
Lu-99A,Erlotinib,,,0.0817337449158928,0.008240142837166786,test
DoHH2,Erlotinib,,,,0.08529230952262878,test
HEL,Erlotinib,,,,0.0755930244922638,test
KMOE-2,Erlotinib,,,0.020199738441836,0.05720142275094986,test
NCI-H650,Erlotinib,,,0.0,0.016765832901000977,test
SCLC-21H,Erlotinib,,,,0.012892412021756172,test
DoTc2 4510,Erlotinib,,,0.149679209935105,0.05461133271455765,test
NCI-H2170,Erlotinib,,,0.171830451523502,0.05000242218375206,test
CW-2,Erlotinib,,,0.0574953424817218,0.013192066922783852,test
MCF-7,Erlotinib,,,0.0846108347301367,0.030168304219841957,test
GMS-10,Erlotinib,,,,0.023107057437300682,test
A-375,Erlotinib,,,0.063263635945261,0.017413217574357986,test
NCI-H522,Erlotinib,,,0.0329517388870634,0.025192733854055405,test
NCI-H2405,Erlotinib,,,0.132835476981883,0.04126892238855362,test
MSTO-211H,Erlotinib,,,0.155385863386736,0.03404766693711281,test
SK-N-AS,Erlotinib,,,0.0344715462871217,0.006886032409965992,test
AM-38,Erlotinib,,,0.0096849709655602,0.005820779129862785,test
HCC1143,Erlotinib,,,0.108284855361742,0.08913072943687439,test
IST-SL2,Erlotinib,,,0.119476615754353,0.020529000088572502,test
LXF 289,Erlotinib,,,0.104198091853069,0.054224297404289246,test
SK-UT-1,Erlotinib,,,0.0049614611243296,0.012695805169641972,test
EW-24,Erlotinib,,,0.0039770424692694,0.012378031387925148,test
EFO-21,Erlotinib,,,0.0969341471121416,0.022712789475917816,test
NCI-H441,Erlotinib,,,0.148940303053976,0.07047838717699051,test
YAPC,Erlotinib,,,0.0328340635477832,0.020842943340539932,test
SR,Erlotinib,,,0.0,0.03817325085401535,test
HT-1080,Erlotinib,,,0.103494461002225,0.014279636554419994,test
SBC-5,Erlotinib,,,0.0898618212629808,0.018291519954800606,test
C2BBe1,Erlotinib,,,0.127898920888731,0.04736411198973656,test
KY821,Erlotinib,,,0.0033592425810448,0.07797212898731232,test
LC-1F,Erlotinib,,,,0.052305739372968674,test
GR-ST,Erlotinib,,,0.0509430826487241,0.05435361713171005,test
MZ-MEL-7,Erlotinib,,,,0.030504116788506508,test
GP5d,Erlotinib,,,0.12122190575726,0.014524558559060097,test
HN,Erlotinib,,,,0.04057610034942627,test
NCI-H810,Erlotinib,,,0.0369882402103835,0.016800887882709503,test
M059J,Erlotinib,,,0.101546819945072,0.01871708780527115,test
NCI-H1092,Erlotinib,,,0.0467967568730553,0.01427926030009985,test
HCC2157,Erlotinib,,,0.0144902251480115,0.04756729304790497,test
D-542MG,Erlotinib,,,,0.018913045525550842,test
Daudi,Erlotinib,,,0.041234282410828,0.07892376184463501,test
D-247MG,Erlotinib,,,,0.01737222447991371,test
SK-MEL-2,Erlotinib,,,0.0,0.01640489511191845,test
MFE-296,Erlotinib,,,0.0914554608632348,0.02974274940788746,test
ML-2,Erlotinib,,,0.0,0.0714794397354126,test
DG-75,Erlotinib,,,0.0057516163582952,0.06877116858959198,test
EW-11,Erlotinib,,,0.0166032356760586,0.01196020282804966,test
A3/Kawakami,Erlotinib,,,0.0884623587956531,0.035406745970249176,test
SU-DHL-1,Erlotinib,,,,0.03521204739809036,test
NMC-G1,Erlotinib,,,,0.02421506680548191,test
SN12C,Erlotinib,,,0.0911603338791572,0.03292252495884895,test
